year,source,sex,total,whole_blood_donation,whole_blood_donation_320ml,whole_blood_donation_400ml,apheresis_donation,apheresis_donation_plasma,apheresis_donation_platelets,apheresis_donation_multiapheresis,apheresis_donation_other
2005,Central Seoul,Men,169824,133554,21000,112554,36270,24350,11920,,
2005,Central Seoul,Women,40782,33088,30891,2197,7694,6606,1088,,
2005,Western Seoul,Men,113857,78447,12392,66055,35410,18300,17110,,
2005,Western Seoul,Women,19722,13426,13068,358,6296,5203,1093,,
2005,Southern Seoul,Men,149974,127355,13279,114076,22619,14285,8334,,
2005,Southern Seoul,Women,30891,26617,18507,8110,4274,3868,406,,
2005,Eastern Seoul,Men,158684,129395,21612,107783,29289,24999,4290,,
2005,Eastern Seoul,Women,36855,29974,28919,1055,6881,6650,231,,
2005,Busan,Men,163134,129204,20742,108462,33930,31208,2722,,
2005,Busan,Women,50090,27774,27664,110,22316,22250,66,,
2005,DaeguGyeongbuk,Men,146703,117390,27078,90312,29313,25598,3715,,
2005,DaeguGyeongbuk,Women,47449,31463,31459,4,15986,15334,652,,
2005,Incheon,Men,90515,72592,17121,55471,17923,15132,2791,,
2005,Incheon,Women,38759,34206,32924,1282,4553,4259,294,,
2005,Ulsan,Men,61828,41017,9049,31968,20811,19799,1012,,
2005,Ulsan,Women,16922,6899,6629,270,10023,10006,17,,
2005,Gyeonggi,Men,117416,103217,15932,87285,14199,10857,3342,,
2005,Gyeonggi,Women,20946,17900,17896,4,3046,2929,117,,
2005,Gangwon,Men,75508,62110,4532,57578,13398,13062,336,,
2005,Gangwon,Women,7614,4088,4073,15,3526,3516,10,,
2005,Chungbuk,Men,60752,39487,5956,33531,21265,20466,799,,
2005,Chungbuk,Women,16599,8082,5359,2723,8517,8471,46,,
2005,DaejeonChungnam,Men,140630,109507,13943,95564,31123,30413,710,,
2005,DaejeonChungnam,Women,20682,9637,9635,2,11045,10979,66,,
2005,Jeonbuk,Men,95457,60995,12541,48454,34462,32771,1691,,
2005,Jeonbuk,Women,25456,11220,10809,411,14236,14106,130,,
2005,Jeonnam,Men,132050,91513,28678,62835,40537,38689,1848,,
2005,Jeonnam,Women,42300,23117,23055,62,19183,19066,117,,
2005,Gyeongnam,Men,88225,75134,13670,61464,13091,11931,1160,,
2005,Gyeongnam,Women,12338,8229,8178,51,4109,4057,52,,
2005,Jeju,Men,24968,18950,3401,15549,6018,5277,741,,
2005,Jeju,Women,6706,3783,3783,,2923,2778,145,,
2005,Outside of Korean Red Cross,Men,42088,31256,3957,27299,10832,7,9370,,1455
2005,Outside of Korean Red Cross,Women,8612,7601,5322,2279,1011,,895,,116
2006,Central Seoul,Men,174506,135568,23670,111898,38938,26092,12846,,
2006,Central Seoul,Women,47575,34706,32939,1767,12869,11691,1178,,
2006,Western Seoul,Men,114093,79230,14822,64408,34863,19243,15620,,
2006,Western Seoul,Women,24503,16742,16259,483,7761,6681,1080,,
2006,Southern Seoul,Men,151475,119046,13618,105428,32429,23321,9108,,
2006,Southern Seoul,Women,38322,29641,23041,6600,8681,8213,468,,
2006,Eastern Seoul,Men,150842,117799,21857,95942,33043,28190,4853,,
2006,Eastern Seoul,Women,49576,40082,39365,717,9494,9302,192,,
2006,Busan,Men,160286,125373,20699,104674,34913,30421,4492,,
2006,Busan,Women,52283,31385,31024,361,20898,20732,166,,
2006,DaeguGyeongbuk,Men,139819,105793,25504,80289,34026,30312,3714,,
2006,DaeguGyeongbuk,Women,49122,32186,32185,1,16936,16611,325,,
2006,Incheon,Men,86833,67897,15054,52843,18936,15593,3343,,
2006,Incheon,Women,34148,28990,27898,1092,5158,4882,276,,
2006,Ulsan,Men,64903,39564,8382,31182,25339,24017,1322,,
2006,Ulsan,Women,17206,7099,6745,354,10107,10047,60,,
2006,Gyeonggi,Men,114908,101073,19219,81854,13835,10512,3323,,
2006,Gyeonggi,Women,26794,23646,23124,522,3148,2976,172,,
2006,Gangwon,Men,67686,54711,3038,51673,12975,12591,384,,
2006,Gangwon,Women,8899,4705,4104,601,4194,4183,11,,
2006,Chungbuk,Men,61782,38039,5831,32208,23743,23289,454,,
2006,Chungbuk,Women,17221,7716,5065,2651,9505,9482,23,,
2006,DaejeonChungnam,Men,116662,89841,15864,73977,26821,25573,1248,,
2006,DaejeonChungnam,Women,30190,17914,17881,33,12276,12192,84,,
2006,Jeonbuk,Men,88799,52556,11976,40580,36243,34880,1363,,
2006,Jeonbuk,Women,29805,12557,12308,249,17248,17163,85,,
2006,Jeonnam,Men,144359,96047,25412,70635,48312,46209,2103,,
2006,Jeonnam,Women,55610,30168,29407,761,25442,25341,101,,
2006,Gyeongnam,Men,87567,74174,14425,59749,13393,11945,1448,,
2006,Gyeongnam,Women,15060,10751,10663,88,4309,4248,61,,
2006,Jeju,Men,23755,17833,3489,14344,5922,5437,485,,
2006,Jeju,Women,6014,4049,4049,,1965,1942,23,,
2006,Outside of Korean Red Cross,Men,43763,37744,5511,32233,6019,5,4824,,1190
2006,Outside of Korean Red Cross,Women,8176,7518,5957,1561,658,,609,,49
2007,Central Seoul,Men,137432,112225,17849,94376,25207,13140,12067,,
2007,Central Seoul,Women,50360,44041,41732,2309,6319,4868,1451,,
2007,Western Seoul,Men,117615,83771,13914,69857,33844,14423,19421,,
2007,Western Seoul,Women,37319,29212,28303,909,8107,6431,1676,,
2007,Southern Seoul,Men,136271,113159,12486,100673,23112,13861,9251,,
2007,Southern Seoul,Women,36529,32314,25419,6895,4215,3665,550,,
2007,Eastern Seoul,Men,127101,112986,23206,89780,14115,10401,3714,,
2007,Eastern Seoul,Women,54876,51805,51228,577,3071,2916,155,,
2007,Busan,Men,147725,125727,17962,107765,21998,16211,5787,,
2007,Busan,Women,41898,32580,31828,752,9318,9138,180,,
2007,DaeguGyeongbuk,Men,117241,104574,19897,84677,12667,10251,2416,,
2007,DaeguGyeongbuk,Women,40158,37377,35951,1426,2781,2653,128,,
2007,Incheon,Men,79101,59369,12249,47120,19732,16135,3597,,
2007,Incheon,Women,30994,24668,23738,930,6326,6063,263,,
2007,Ulsan,Men,52640,43808,7799,36009,8832,7487,1345,,
2007,Ulsan,Women,12792,10518,9872,646,2274,2218,56,,
2007,Gyeonggi,Men,102817,91221,15757,75464,11596,8232,3364,,
2007,Gyeonggi,Women,26298,24331,22055,2276,1967,1802,165,,
2007,Gangwon,Men,55609,49722,3294,46428,5887,5653,234,,
2007,Gangwon,Women,9032,7745,6108,1637,1287,1281,6,,
2007,Chungbuk,Men,58357,47674,6267,41407,10683,10258,425,,
2007,Chungbuk,Women,14446,11710,7104,4606,2736,2699,37,,
2007,DaejeonChungnam,Men,115479,101264,16091,85173,14215,13033,1182,,
2007,DaejeonChungnam,Women,31118,26982,26861,121,4136,4062,74,,
2007,Jeonbuk,Men,75743,59364,10462,48902,16379,15101,1278,,
2007,Jeonbuk,Women,22431,16883,16459,424,5548,5458,90,,
2007,Jeonnam,Men,125849,104052,21698,82354,21797,19541,2256,,
2007,Jeonnam,Women,52155,42935,40153,2782,9220,9081,139,,
2007,Gyeongnam,Men,75367,69078,12249,56829,6289,4774,1515,,
2007,Gyeongnam,Women,16392,15721,15694,27,671,643,28,,
2007,Jeju,Men,21524,18503,3626,14877,3021,2663,358,,
2007,Jeju,Women,6015,5326,5326,,689,653,36,,
2007,Outside of Korean Red Cross,Men,46408,43439,7865,35574,2969,1,1972,,996
2007,Outside of Korean Red Cross,Women,12670,12254,10213,2041,416,2,308,,106
2008,Central Seoul,Men,147237,110329,17697,92632,36908,24627,12281,,
2008,Central Seoul,Women,60733,52159,49725,2434,8574,7066,1508,,
2008,Western Seoul,Men,127664,82525,15318,67207,45139,25599,19540,,
2008,Western Seoul,Women,43179,31457,30887,570,11722,10270,1452,,
2008,Southern Seoul,Men,143313,116941,12110,104831,26372,17361,9011,,
2008,Southern Seoul,Women,43844,37797,30570,7227,6047,5548,499,,
2008,Eastern Seoul,Men,134437,115644,25944,89700,18793,15165,3628,,
2008,Eastern Seoul,Women,63698,59996,59617,379,3702,3581,121,,
2008,Busan,Men,157411,129958,21000,108958,27453,21828,5625,,
2008,Busan,Women,52858,39074,37820,1254,13784,13535,249,,
2008,DaeguGyeongbuk,Men,132309,117407,23729,93678,14902,11753,3149,,
2008,DaeguGyeongbuk,Women,55716,51818,49779,2039,3898,3551,347,,
2008,Incheon,Men,86693,59771,12803,46968,26922,23054,3868,,
2008,Incheon,Women,35109,28370,27104,1266,6739,6435,304,,
2008,Ulsan,Men,56031,42365,9124,33241,13666,12243,1423,,
2008,Ulsan,Women,15253,10323,9849,474,4930,4822,108,,
2008,Gyeonggi,Men,110129,93549,17920,75629,16580,12573,4007,,
2008,Gyeonggi,Women,31428,28034,25632,2402,3394,3211,183,,
2008,Gangwon,Men,61668,44579,3760,40819,17089,16957,132,,
2008,Gangwon,Women,11605,9549,7930,1619,2056,2050,6,,
2008,Chungbuk,Men,67104,53716,8146,45570,13388,12993,395,,
2008,Chungbuk,Women,17847,13826,8629,5197,4021,4009,12,,
2008,DaejeonChungnam,Men,132794,109851,17526,92325,22943,21476,1467,,
2008,DaejeonChungnam,Women,40440,30623,30227,396,9817,9699,118,,
2008,Jeonbuk,Men,81835,61090,11549,49541,20745,19009,1736,,
2008,Jeonbuk,Women,25998,17591,17070,521,8407,8256,151,,
2008,Jeonnam,Men,131553,100279,24185,76094,31274,28593,2681,,
2008,Jeonnam,Women,63098,46173,43759,2414,16925,16767,158,,
2008,Gyeongnam,Men,84418,75262,15738,59524,9156,7159,1997,,
2008,Gyeongnam,Women,17648,15674,15671,3,1974,1928,46,,
2008,Jeju,Men,23199,18436,3461,14975,4763,4166,597,,
2008,Jeju,Women,9343,7446,6076,1370,1897,1851,46,,
2008,Outside of Korean Red Cross,Men,63397,60940,8418,52522,2457,3,1316,,1138
2008,Outside of Korean Red Cross,Women,18195,17860,14565,3295,335,,195,,140
2009,Central Seoul,Men,147925,109140,18663,90477,38785,26492,12293,,
2009,Central Seoul,Women,60599,49868,47291,2577,10731,9639,1092,,
2009,Western Seoul,Men,142694,93634,15068,78566,49060,27745,21315,,
2009,Western Seoul,Women,50529,36969,36004,965,13560,12169,1391,,
2009,Southern Seoul,Men,154754,123886,12189,111697,30868,21185,9683,,
2009,Southern Seoul,Women,53767,46168,38960,7208,7599,7171,428,,
2009,Eastern Seoul,Men,141685,113423,26984,86439,28262,25960,2302,,
2009,Eastern Seoul,Women,71509,63485,63176,309,8024,7949,75,,
2009,Busan,Men,160198,128825,17831,110994,31373,26354,5019,,
2009,Busan,Women,56614,39767,38938,829,16847,16664,183,,
2009,DaeguGyeongbuk,Men,151628,132695,23896,108799,18933,14322,4611,,
2009,DaeguGyeongbuk,Women,63851,59026,57475,1551,4825,4332,493,,
2009,Incheon,Men,89985,60304,11139,49165,29681,24813,4868,,
2009,Incheon,Women,40884,32858,30755,2103,8026,7781,245,,
2009,Ulsan,Men,57357,44235,9648,34587,13122,11329,1793,,
2009,Ulsan,Women,16571,12689,12026,663,3882,3836,46,,
2009,Gyeonggi,Men,122372,101856,19215,82641,20516,16210,4306,,
2009,Gyeonggi,Women,42429,37633,35748,1885,4796,4624,172,,
2009,Gangwon,Men,64310,46664,3868,42796,17646,17471,175,,
2009,Gangwon,Women,15453,13235,10450,2785,2218,2214,4,,
2009,Chungbuk,Men,78801,59476,8603,50873,19325,18845,480,,
2009,Chungbuk,Women,20646,14513,8994,5519,6133,6127,6,,
2009,DaejeonChungnam,Men,139646,110153,13902,96251,29493,27529,1964,,
2009,DaejeonChungnam,Women,43131,29072,28627,445,14059,14002,57,,
2009,Jeonbuk,Men,91565,65347,12013,53334,26218,24232,1986,,
2009,Jeonbuk,Women,29680,18970,18790,180,10710,10672,38,,
2009,Jeonnam,Men,137614,101035,24224,76811,36579,33243,3336,,
2009,Jeonnam,Women,64214,44965,43455,1510,19249,19111,138,,
2009,Gyeongnam,Men,93545,82016,16302,65714,11529,9258,2271,,
2009,Gyeongnam,Women,21008,18519,18508,11,2489,2456,33,,
2009,Jeju,Men,25016,17695,3000,14695,7321,5977,1344,,
2009,Jeju,Women,11900,8519,7374,1145,3381,3320,61,,
2009,Outside of Korean Red Cross,Men,80422,74796,6977,67819,5626,1583,3070,,973
2009,Outside of Korean Red Cross,Women,27652,26229,17775,8454,1423,735,563,,125
2010,Central Seoul,Men,172472,127846,26122,101724,44626,25142,19484,,
2010,Central Seoul,Women,78859,63109,60584,2525,15750,14674,1076,,
2010,Western Seoul,Men,65259,45179,7208,37971,20080,10095,9985,,
2010,Western Seoul,Women,24475,18605,18342,263,5870,5377,493,,
2010,Southern Seoul,Men,161920,128090,15583,112507,33830,21577,12253,,
2010,Southern Seoul,Women,58292,49436,44402,5034,8856,8445,411,,
2010,Eastern Seoul,Men,162081,126431,31279,95152,35650,26034,9616,,
2010,Eastern Seoul,Women,86866,76003,74280,1723,10863,10531,332,,
2010,Busan,Men,167419,135792,22466,113326,31627,26140,5487,,
2010,Busan,Women,65975,48551,48551,0,17424,17369,55,,
2010,DaeguGyeongbuk,Men,146567,126149,25670,100479,20418,15026,5392,,
2010,DaeguGyeongbuk,Women,66702,61842,61154,688,4860,4568,292,,
2010,Incheon,Men,102831,71378,15750,55628,31453,26019,5434,,
2010,Incheon,Women,51417,41280,38581,2699,10137,9977,160,,
2010,Ulsan,Men,55041,43683,10735,32948,11358,9431,1927,,
2010,Ulsan,Women,19237,16561,16340,221,2676,2657,19,,
2010,Gyeonggi,Men,123615,100601,22419,78182,23014,16428,6586,,
2010,Gyeonggi,Women,47664,43013,41397,1616,4651,4520,131,,
2010,Gangwon,Men,66394,52958,6852,46106,13436,12995,441,,
2010,Gangwon,Women,17238,15024,12891,2133,2214,2211,3,,
2010,Chungbuk,Men,80021,54510,7841,46669,25511,24292,1219,,
2010,Chungbuk,Women,21188,12345,7597,4748,8843,8839,4,,
2010,DaejeonChungnam,Men,149091,113033,18468,94565,36058,33285,2773,,
2010,DaejeonChungnam,Women,42894,26289,25935,354,16605,16574,31,,
2010,Jeonbuk,Men,94416,67659,13310,54349,26757,24884,1873,,
2010,Jeonbuk,Women,30368,18484,18480,4,11884,11865,19,,
2010,Jeonnam,Men,130294,93697,24550,69147,36597,31871,4726,,
2010,Jeonnam,Women,68115,50271,49202,1069,17844,17781,63,,
2010,Gyeongnam,Men,95546,80567,18645,61922,14979,12240,2739,,
2010,Gyeongnam,Women,23988,20630,20627,3,3358,3335,23,,
2010,Jeju,Men,24703,17192,3499,13693,7511,5784,1727,,
2010,Jeju,Women,13751,10643,9379,1264,3108,3092,16,,
2010,Outside of Korean Red Cross,Men,100543,85791,10370,75421,14752,5348,8475,,929
2010,Outside of Korean Red Cross,Women,49250,46662,32244,14418,2588,1700,811,,77
2011,Central Seoul,Men,,,,,,,,,
2011,Central Seoul,Women,,,,,,,,,
2011,Western Seoul,Men,179077,126600,22313,104287,52477,28636,23841,,
2011,Western Seoul,Women,92521,72560,67859,4701,19961,18592,1369,,
2011,Southern Seoul,Men,160365,127160,15887,111273,33205,19439,13766,,
2011,Southern Seoul,Women,57592,48892,45248,3644,8700,8356,344,,
2011,Eastern Seoul,Men,171213,128778,25562,103216,42435,23741,18694,,
2011,Eastern Seoul,Women,93827,81960,71069,10891,11867,10935,932,,
2011,Busan,Men,150860,124971,20654,104317,25889,20611,5278,,
2011,Busan,Women,66157,52382,52381,1,13775,13727,48,,
2011,DaeguGyeongbuk,Men,142391,122837,25134,97703,19554,14376,5178,,
2011,DaeguGyeongbuk,Women,69332,64750,64226,524,4582,4317,265,,
2011,Incheon,Men,115288,81918,19743,62175,33370,27247,6123,,
2011,Incheon,Women,59622,47683,45281,2402,11939,11746,193,,
2011,Ulsan,Men,54331,44823,10305,34518,9508,7354,2154,,
2011,Ulsan,Women,19173,17572,17556,16,1601,1559,42,,
2011,Gyeonggi,Men,126466,101980,24013,77967,24486,15422,9064,,
2011,Gyeonggi,Women,50123,45510,42512,2998,4613,4416,197,,
2011,Gangwon,Men,72405,58577,7724,50853,13828,12365,1463,,
2011,Gangwon,Women,19882,17448,16111,1337,2434,2431,3,,
2011,Chungbuk,Men,71818,53319,7565,45754,18499,16868,1631,,
2011,Chungbuk,Women,19536,14256,8549,5707,5280,5276,4,,
2011,DaejeonChungnam,Men,145124,114587,20094,94493,30537,26919,3618,,
2011,DaejeonChungnam,Women,44613,32141,31946,195,12472,12434,38,,
2011,Jeonbuk,Men,90925,69281,12361,56920,21644,19467,2177,,
2011,Jeonbuk,Women,34581,25847,25772,75,8734,8716,18,,
2011,Jeonnam,Men,123318,92930,23322,69608,30388,24589,5799,,
2011,Jeonnam,Women,69433,56477,54307,2170,12956,12514,442,,
2011,Gyeongnam,Men,91966,79684,19835,59849,12282,9536,2746,,
2011,Gyeongnam,Women,22358,20397,20394,3,1961,1938,23,,
2011,Jeju,Men,21710,16931,3816,13115,4779,3354,1425,,
2011,Jeju,Women,12509,11235,10135,1100,1274,1265,9,,
2011,Outside of Korean Red Cross,Men,107274,85205,12218,72987,22069,7228,13913,,928
2011,Outside of Korean Red Cross,Women,60785,56619,39102,17517,4166,2570,1442,,154
2012,Central Seoul,Men,,,,,,,,,
2012,Central Seoul,Women,,,,,,,,,
2012,Western Seoul,Men,191965,135237,21352,113885,56728,29480,27160,,88
2012,Western Seoul,Women,91205,69965,64633,5332,21240,19202,2037,,1
2012,Southern Seoul,Men,166236,133235,16049,117186,33001,19871,13130,,
2012,Southern Seoul,Women,62745,53157,50704,2453,9588,9111,477,,
2012,Eastern Seoul,Men,181040,137245,25150,112095,43795,21285,22510,,
2012,Eastern Seoul,Women,94984,83420,75712,7708,11564,10560,1004,,
2012,Busan,Men,152398,124358,19576,104782,28040,21467,6573,,
2012,Busan,Women,66477,51969,51555,414,14508,14453,55,,
2012,DaeguGyeongbuk,Men,152043,127323,25076,102247,24720,18387,6333,,
2012,DaeguGyeongbuk,Women,74781,68127,66363,1764,6654,6371,283,,
2012,Incheon,Men,114452,80445,17845,62600,34007,26753,7254,,
2012,Incheon,Women,58986,47882,45996,1886,11104,10819,285,,
2012,Ulsan,Men,57870,47765,11956,35809,10105,7607,2498,,
2012,Ulsan,Women,21211,19059,19057,2,2152,2141,11,,
2012,Gyeonggi,Men,128317,102562,21557,81005,25755,16111,9644,,
2012,Gyeonggi,Women,47425,42248,40530,1718,5177,4963,214,,
2012,Gangwon,Men,85987,70286,6058,64228,15701,13239,2462,,
2012,Gangwon,Women,22311,19389,14370,5019,2922,2911,11,,
2012,Chungbuk,Men,78316,58917,9983,48934,19399,17631,1768,,
2012,Chungbuk,Women,21781,16159,11679,4480,5622,5615,7,,
2012,DaejeonChungnam,Men,152287,118752,20508,98244,33535,29666,3869,,
2012,DaejeonChungnam,Women,53959,41721,41597,124,12238,12211,27,,
2012,Jeonbuk,Men,92343,71282,13252,58030,21061,19084,1977,,
2012,Jeonbuk,Women,35581,27115,25358,1757,8466,8389,77,,
2012,Jeonnam,Men,121889,93138,22771,70367,28751,21791,6960,,
2012,Jeonnam,Women,63766,52614,51180,1434,11152,10409,743,,
2012,Gyeongnam,Men,94915,83198,20794,62404,11717,8843,2874,,
2012,Gyeongnam,Women,25371,23796,23780,16,1575,1554,21,,
2012,Jeju,Men,20515,16532,3260,13272,3983,2533,1450,,
2012,Jeju,Women,11339,10698,9530,1168,641,625,16,,
2012,Outside of Korean Red Cross,Men,115098,91358,15206,76152,23740,7333,15515,,892
2012,Outside of Korean Red Cross,Women,65015,59798,45059,14739,5217,3702,1383,,132
2013,Central Seoul,Men,,,,,,,,,
2013,Central Seoul,Women,,,,,,,,,
2013,Western Seoul,Men,209828,140871,21603,119268,68957,38912,17389,12656,
2013,Western Seoul,Women,92775,69603,67516,2087,23172,21219,1871,82,
2013,Southern Seoul,Men,172180,126364,13791,112573,45816,28255,12665,4896,
2013,Southern Seoul,Women,63071,48562,44092,4470,14509,13455,931,123,
2013,Eastern Seoul,Men,198140,135701,22863,112838,62439,37955,12311,12173,
2013,Eastern Seoul,Women,97210,79291,72729,6562,17919,16882,866,171,
2013,Busan,Men,156401,118185,18171,100014,38216,30701,5255,2260,
2013,Busan,Women,74522,55027,53959,1068,19495,19435,54,6,
2013,DaeguGyeongbuk,Men,166006,127693,22648,105045,38313,32323,4414,1576,
2013,DaeguGyeongbuk,Women,78744,65046,62174,2872,13698,13459,222,17,
2013,Incheon,Men,117031,76210,15251,60959,40821,33553,4646,2622,
2013,Incheon,Women,60781,46793,44786,2007,13988,13705,253,30,
2013,Ulsan,Men,60388,46183,11412,34771,14205,11235,2363,607,
2013,Ulsan,Women,20917,17464,17461,3,3453,3418,35,,
2013,Gyeonggi,Men,140559,105252,22009,83243,35307,24425,7578,3304,
2013,Gyeonggi,Women,50703,42831,41517,1314,7872,7616,234,22,
2013,Gangwon,Men,95113,75778,6457,69321,19335,16425,2015,895,
2013,Gangwon,Women,25342,20164,15836,4328,5178,5154,22,2,
2013,Chungbuk,Men,74971,52826,8368,44458,22145,20346,1235,564,
2013,Chungbuk,Women,23174,17151,12229,4922,6023,6011,12,,
2013,DaejeonChungnam,Men,163562,119785,18638,101147,43777,39269,2390,2118,
2013,DaejeonChungnam,Women,60488,43595,43519,76,16893,16880,11,2,
2013,Jeonbuk,Men,95861,68471,12358,56113,27390,26054,1149,187,
2013,Jeonbuk,Women,35567,25109,23952,1157,10458,10423,30,5,
2013,Jeonnam,Men,134077,93569,20023,73546,40508,33322,4002,3184,
2013,Jeonnam,Women,71687,53197,50734,2463,18490,17787,577,126,
2013,Gyeongnam,Men,103678,82148,20264,61884,21530,19083,1843,604,
2013,Gyeongnam,Women,31093,24959,24919,40,6134,6095,32,7,
2013,Jeju,Men,21498,15827,3011,12816,5671,4003,1116,552,
2013,Jeju,Women,12806,10569,10315,254,2237,2204,33,,
2013,Outside of Korean Red Cross,Men,126564,94116,12844,81272,32448,9421,22344,3,680
2013,Outside of Korean Red Cross,Women,79746,70535,42933,27602,9211,6667,2402,1,141
2014,Central Seoul,Men,,,,,,,,,
2014,Central Seoul,Women,,,,,,,,,
2014,Western Seoul,Men,234946,148776,26147,122629,86170,51898,8358,25914,
2014,Western Seoul,Women,99850,70669,69418,1251,29181,27093,1584,504,
2014,Southern Seoul,Men,170207,116496,12560,103936,53711,26726,3903,23082,
2014,Southern Seoul,Women,59367,43006,37960,5046,16361,14336,1525,500,
2014,Eastern Seoul,Men,213068,137380,25175,112205,75688,47355,1962,26371,
2014,Eastern Seoul,Women,102248,78964,73784,5180,23284,22128,628,528,
2014,Busan,Men,156994,105528,15882,89646,51466,42308,816,8342,
2014,Busan,Women,78802,51567,51426,141,27235,27174,35,26,
2014,DaeguGyeongbuk,Men,178406,122840,23680,99160,55566,47866,507,7193,
2014,DaeguGyeongbuk,Women,85359,61147,59073,2074,24212,23924,179,109,
2014,Incheon,Men,124396,76912,16193,60719,47484,37846,4861,4777,
2014,Incheon,Women,61351,44379,43104,1275,16972,16700,232,40,
2014,Ulsan,Men,68146,49163,11565,37598,18983,15517,836,2630,
2014,Ulsan,Women,21264,16418,16418,,4846,4817,28,1,
2014,Gyeonggi,Men,151967,110801,23622,87179,41166,27319,2464,11383,
2014,Gyeonggi,Women,54239,45226,43895,1331,9013,8695,216,102,
2014,Gangwon,Men,99831,76332,7222,69110,23499,19242,163,4094,
2014,Gangwon,Women,28175,20898,18526,2372,7277,7226,31,20,
2014,Chungbuk,Men,74594,51771,7927,43844,22823,20244,595,1984,
2014,Chungbuk,Women,25597,17965,12508,5457,7632,7573,26,33,
2014,DaejeonChungnam,Men,170744,119663,20398,99265,51081,44000,98,6983,
2014,DaejeonChungnam,Women,61273,41906,41880,26,19367,19351,4,12,
2014,Jeonbuk,Men,89849,62385,9784,52601,27464,25286,399,1779,
2014,Jeonbuk,Women,35562,25083,24145,938,10479,10460,9,10,
2014,Jeonnam,Men,139455,89956,18415,71541,49499,40839,416,8244,
2014,Jeonnam,Women,78340,56225,52539,3686,22115,21622,218,275,
2014,Gyeongnam,Men,111425,83372,18863,64509,28053,24911,1332,1810,
2014,Gyeongnam,Women,31691,23501,23487,14,8190,8169,10,11,
2014,Jeju,Men,23140,15552,3468,12084,7588,5416,1010,1162,
2014,Jeju,Women,14252,11069,11057,12,3183,3132,49,2,
2014,Outside of Korean Red Cross,Men,130201,94274,12025,82249,35927,12573,19011,3579,764
2014,Outside of Korean Red Cross,Women,78686,68177,36991,31186,10509,8089,2168,153,99
2015,Central Seoul,Men,,,,,,,,,
2015,Central Seoul,Women,,,,,,,,,
2015,Western Seoul,Men,231660,145234,24079,121155,86426,47163,4484,34779,
2015,Western Seoul,Women,100627,75398,74063,1335,25229,22465,1846,918,
2015,Southern Seoul,Men,165554,109471,11579,97892,56083,26710,3546,25827,
2015,Southern Seoul,Women,58621,42340,36798,5542,16281,13658,2052,571,
2015,Eastern Seoul,Men,206563,132042,22358,109684,74521,42923,1768,29830,
2015,Eastern Seoul,Women,92175,74830,69103,5727,17345,15865,855,625,
2015,Busan,Men,158533,107590,16376,91214,50943,39597,353,10993,
2015,Busan,Women,79468,52572,52436,136,26896,26809,43,44,
2015,DaeguGyeongbuk,Men,177684,120481,21524,98957,57203,46811,352,10040,
2015,DaeguGyeongbuk,Women,82543,60865,58463,2402,21678,21305,203,170,
2015,Incheon,Men,121411,78679,15474,63205,42732,32273,431,10028,
2015,Incheon,Women,59436,44983,44150,833,14453,14176,163,114,
2015,Ulsan,Men,70085,49747,13169,36578,20338,15575,241,4522,
2015,Ulsan,Women,23655,18162,18159,3,5493,5466,23,4,
2015,Gyeonggi,Men,159274,117085,25728,91357,42189,26549,1677,13963,
2015,Gyeonggi,Women,59474,50328,49701,627,9146,8754,239,153,
2015,Gangwon,Men,116232,80788,8425,72363,35444,28257,98,7089,
2015,Gangwon,Women,33563,23810,22459,1351,9753,9606,29,118,
2015,Chungbuk,Men,73575,52089,8606,43483,21486,18630,106,2750,
2015,Chungbuk,Women,26052,19423,13228,6195,6629,6602,8,19,
2015,DaejeonChungnam,Men,180633,126660,17203,109457,53973,44494,33,9446,
2015,DaejeonChungnam,Women,68531,47808,43060,4748,20723,20683,8,32,
2015,Jeonbuk,Men,94813,68011,11396,56615,26802,24281,76,2445,
2015,Jeonbuk,Women,34065,24367,23867,500,9698,9660,21,17,
2015,Jeonnam,Men,141809,90143,19324,70819,51666,39771,216,11679,
2015,Jeonnam,Women,79720,56090,53061,3029,23630,22961,201,468,
2015,Gyeongnam,Men,106235,81377,17107,64270,24858,20596,175,4087,
2015,Gyeongnam,Women,29489,23162,23135,27,6327,6286,23,18,
2015,Jeju,Men,25685,17603,3458,14145,8082,5561,55,2466,
2015,Jeju,Women,14991,11534,11531,3,3457,3422,25,10,
2015,Outside of Korean Red Cross,Men,135665,89692,10003,79689,45973,18268,1518,25558,629
2015,Outside of Korean Red Cross,Women,75097,61511,31484,30027,13586,11375,926,1217,68
2016,Central Seoul,Men,,,,,,,,,
2016,Central Seoul,Women,,,,,,,,,
2016,Western Seoul,Men,210930,139786,17108,122678,71144,32515,3130,35499,
2016,Western Seoul,Women,80306,61896,55004,6892,18410,15475,2497,438,
2016,Southern Seoul,Men,169319,117262,12956,104306,52057,21773,2815,27469,
2016,Southern Seoul,Women,57825,43890,39799,4091,13935,11716,2025,194,
2016,Eastern Seoul,Men,195744,134860,18541,116319,60884,26250,2113,32521,
2016,Eastern Seoul,Women,77583,63965,58122,5843,13618,11345,1909,364,
2016,Busan,Men,143066,107253,14157,93096,35813,20853,279,14681,
2016,Busan,Women,61778,48381,44997,3384,13397,13217,139,41,
2016,DaeguGyeongbuk,Men,168424,123382,23534,99848,45042,31410,305,13327,
2016,DaeguGyeongbuk,Women,68471,55152,52949,2203,13319,12689,520,110,
2016,Incheon,Men,113269,80170,14603,65567,33099,20801,461,11837,
2016,Incheon,Women,48475,39970,38111,1859,8505,8220,227,58,
2016,Ulsan,Men,65717,49388,11596,37792,16329,9532,244,6553,
2016,Ulsan,Women,21606,18000,17559,441,3606,3451,124,31,
2016,Gyeonggi,Men,154592,117218,22892,94326,37374,21363,757,15254,
2016,Gyeonggi,Women,50675,44186,41996,2190,6489,6192,223,74,
2016,Gangwon,Men,122194,92945,8393,84552,29249,20295,164,8790,
2016,Gangwon,Women,27657,21708,20825,883,5949,5768,102,79,
2016,Chungbuk,Men,66760,52215,8189,44026,14545,11787,147,2611,
2016,Chungbuk,Women,22582,19498,13181,6317,3084,3047,34,3,
2016,DaejeonChungnam,Men,171357,130869,19222,111647,40488,30264,137,10087,
2016,DaejeonChungnam,Women,65134,52352,49596,2756,12782,12688,71,23,
2016,Jeonbuk,Men,87682,67756,11123,56633,19926,15931,318,3677,
2016,Jeonbuk,Women,28422,22689,22330,359,5733,5612,102,19,
2016,Jeonnam,Men,133199,92710,19542,73168,40489,27954,246,12289,
2016,Jeonnam,Women,68884,55476,52276,3200,13408,12746,517,145,
2016,Gyeongnam,Men,100136,80690,15344,65346,19446,14759,115,4572,
2016,Gyeongnam,Women,27588,23778,22957,821,3810,3772,38,,
2016,Jeju,Men,23719,17767,3399,14368,5952,2850,39,3063,
2016,Jeju,Women,12087,10961,10949,12,1126,1064,51,11,
2016,Outside of Korean Red Cross,Men,140818,90991,11838,79153,49827,18887,578,29829,533
2016,Outside of Korean Red Cross,Women,80331,66044,41328,24716,14287,12410,1159,655,63
2017,Central Seoul,Men,,,,,,,,,
2017,Central Seoul,Women,,,,,,,,,
2017,Western Seoul,Men,201838,125323,15176,110147,76515,39123,1929,35463,
2017,Western Seoul,Women,75510,57225,50691,6534,18285,15867,2071,347,
2017,Southern Seoul,Men,185180,132123,15127,116996,53057,25742,1477,25838,
2017,Southern Seoul,Women,61416,48045,46156,1889,13371,11928,1191,252,
2017,Eastern Seoul,Men,201327,134402,19228,115174,66925,32084,2179,32662,
2017,Eastern Seoul,Women,78459,64383,58679,5704,14076,12548,1282,246,
2017,Busan,Men,151757,107857,13249,94608,43900,28396,250,15254,
2017,Busan,Women,63448,46651,44434,2217,16797,16589,170,38,
2017,DaeguGyeongbuk,Men,172578,121215,22821,98394,51363,39782,293,11288,
2017,DaeguGyeongbuk,Women,68196,53594,52084,1510,14602,14254,278,70,
2017,Incheon,Men,115780,81011,12200,68811,34769,22899,297,11573,
2017,Incheon,Women,47753,38926,35574,3352,8827,8507,240,80,
2017,Ulsan,Men,65900,47769,11435,36334,18131,11469,200,6462,
2017,Ulsan,Women,20361,16817,16515,302,3544,3471,52,21,
2017,Gyeonggi,Men,159730,119320,18008,101312,40410,24815,620,14975,
2017,Gyeonggi,Women,51083,43836,38950,4886,7247,6893,293,61,
2017,Gangwon,Men,127367,96334,8268,88066,31033,22778,185,8070,
2017,Gangwon,Women,27597,21366,18901,2465,6231,6050,124,57,
2017,Chungbuk,Men,71989,54006,8491,45515,17983,15616,222,2145,
2017,Chungbuk,Women,23655,19719,13851,5868,3936,3926,10,,
2017,DaejeonChungnam,Men,173478,126166,19641,106525,47312,38646,87,8579,
2017,DaejeonChungnam,Women,67634,52769,49410,3359,14865,14783,68,14,
2017,Jeonbuk,Men,87191,66721,11721,55000,20470,16189,539,3742,
2017,Jeonbuk,Women,27027,21519,21029,490,5508,5342,156,10,
2017,Jeonnam,Men,147667,102034,20668,81366,45633,34241,168,11224,
2017,Jeonnam,Women,72599,55244,52909,2335,17355,17023,222,110,
2017,Gyeongnam,Men,101365,80681,16709,63972,20684,16269,82,4333,
2017,Gyeongnam,Women,29130,25087,23672,1415,4043,4005,37,1,
2017,Jeju,Men,25714,18475,3059,15416,7239,4371,70,2798,
2017,Jeju,Women,12090,9942,9863,79,2148,2120,23,5,
2017,Outside of Korean Red Cross,Men,143380,93101,12540,80561,50279,20716,552,28428,583
2017,Outside of Korean Red Cross,Women,70471,58274,41924,16350,12197,11029,606,508,54
2018,Central Seoul,Men,195481,120748,12032,108716,74733,37659,2031,35043,
2018,Central Seoul,Women,71096,55638,51237,4401,15458,13427,1752,279,
2018,Western Seoul,Men,,,,,,,,,
2018,Western Seoul,Women,,,,,,,,,
2018,Southern Seoul,Men,173905,120413,13869,106544,53492,25670,2556,25266,
2018,Southern Seoul,Women,56594,44835,43726,1109,11759,10316,1232,211,
2018,Eastern Seoul,Men,201187,133770,17829,115941,67417,31494,2580,33343,
2018,Eastern Seoul,Women,77858,64302,57946,6356,13556,12024,1277,255,
2018,Busan,Men,156593,110863,12527,98336,45730,28589,257,16884,
2018,Busan,Women,67004,52155,50428,1727,14849,14527,263,59,
2018,DaeguGyeongbuk,Men,176709,124684,21381,103303,52025,41201,261,10563,
2018,DaeguGyeongbuk,Women,69446,56653,55346,1307,12793,12477,246,70,
2018,Incheon,Men,110801,79440,10469,68971,31361,20041,285,11035,
2018,Incheon,Women,46516,39798,33383,6415,6718,6423,213,82,
2018,Ulsan,Men,66006,47342,9983,37359,18664,12001,150,6513,
2018,Ulsan,Women,20705,17015,16904,111,3690,3591,93,6,
2018,Gyeonggi,Men,156393,112307,15192,97115,44086,25846,930,17310,
2018,Gyeonggi,Women,47519,40326,37810,2516,7193,6828,313,52,
2018,Gangwon,Men,134733,103380,7573,95807,31353,22874,234,8245,
2018,Gangwon,Women,26626,20893,18935,1958,5733,5599,104,30,
2018,Chungbuk,Men,71508,53696,7628,46068,17812,15621,208,1983,
2018,Chungbuk,Women,22300,18840,14111,4729,3460,3422,36,2,
2018,DaejeonChungnam,Men,178680,129253,18338,110915,49427,41303,115,8009,
2018,DaejeonChungnam,Women,69643,55231,53093,2138,14412,14324,69,19,
2018,Jeonbuk,Men,82490,63723,10513,53210,18767,14306,328,4133,
2018,Jeonbuk,Women,26092,21503,20011,1492,4589,4444,125,20,
2018,Jeonnam,Men,141168,98336,17270,81066,42832,33144,156,9532,
2018,Jeonnam,Women,65575,52340,49905,2435,13235,12937,201,97,
2018,Gyeongnam,Men,102900,81473,16101,65372,21427,17242,61,4124,
2018,Gyeongnam,Women,31819,27804,27450,354,4015,3973,37,5,
2018,Jeju,Men,24219,18659,3351,15308,5560,3597,19,1944,
2018,Jeju,Women,10045,8788,8743,45,1257,1251,4,2,
2018,Outside of Korean Red Cross,Men,134139,88283,12095,76188,45856,22403,483,22501,469
2018,Outside of Korean Red Cross,Women,67520,58501,45757,12744,9019,8293,380,288,58
2019,Central Seoul,Men,182916,120990,12463,108527,61926,28477,1877,31572,
2019,Central Seoul,Women,68119,55452,52178,3274,12667,10786,1617,264,
2019,Western Seoul,Men,,,,,,,,,
2019,Western Seoul,Women,,,,,,,,,
2019,Southern Seoul,Men,160320,109677,13088,96589,50643,20978,2651,27014,
2019,Southern Seoul,Women,54414,43895,43215,680,10519,8812,1490,217,
2019,Eastern Seoul,Men,186199,124530,16761,107769,61669,27392,2031,32246,
2019,Eastern Seoul,Women,73657,62553,58046,4507,11104,9759,1133,212,
2019,Busan,Men,149783,106429,11847,94582,43354,26551,228,16575,
2019,Busan,Women,63778,50492,46980,3512,13286,12904,347,35,
2019,DaeguGyeongbuk,Men,167290,117284,18447,98837,50006,38564,301,11141,
2019,DaeguGyeongbuk,Women,65191,53125,52389,736,12066,11764,267,35,
2019,Incheon,Men,112002,85442,9954,75488,26560,15111,307,11142,
2019,Incheon,Women,46390,40817,35993,4824,5573,5298,203,72,
2019,Ulsan,Men,68561,51086,10461,40625,17475,10743,149,6583,
2019,Ulsan,Women,23038,19703,19671,32,3335,3196,135,4,
2019,Gyeonggi,Men,158935,118671,17480,101191,40264,20590,978,18696,
2019,Gyeonggi,Women,52235,46161,44990,1171,6074,5707,307,60,
2019,Gangwon,Men,127408,97678,7700,89978,29730,21364,170,8196,
2019,Gangwon,Women,26198,21163,19355,1808,5035,4889,104,42,
2019,Chungbuk,Men,70263,54776,8204,46572,15487,13117,167,2203,
2019,Chungbuk,Women,23988,20871,18465,2406,3117,3065,51,1,
2019,DaejeonChungnam,Men,176499,125893,16689,109204,50606,41770,234,8602,
2019,DaejeonChungnam,Women,72279,57895,56998,897,14384,14267,86,31,
2019,Jeonbuk,Men,81328,63926,10645,53281,17402,12515,408,4479,
2019,Jeonbuk,Women,27575,23787,22132,1655,3788,3621,143,24,
2019,Jeonnam,Men,141682,100295,16780,83515,41387,31072,203,10112,
2019,Jeonnam,Women,64923,53005,49623,3382,11918,11576,284,58,
2019,Gyeongnam,Men,101395,80738,15900,64838,20657,16350,61,4246,
2019,Gyeongnam,Women,31562,28026,27690,336,3536,3486,41,9,
2019,Jeju,Men,24651,18056,3328,14728,6595,4119,35,2441,
2019,Jeju,Women,11322,9629,9618,11,1693,1673,12,8,
2019,Outside of Korean Red Cross,Men,127334,87976,14278,73698,39358,20198,378,18315,467
2019,Outside of Korean Red Cross,Women,49857,44123,39931,4192,5734,5332,192,180,30
2020,Central Seoul,Men,157832,102656,7510,95146,55176,21816,1574,31786,
2020,Central Seoul,Women,64192,51937,49365,2572,12255,9996,1905,354,
2020,Western Seoul,Men,,,,,,,,,
2020,Western Seoul,Women,,,,,,,,,
2020,Southern Seoul,Men,144323,98566,6236,92330,45757,16438,2407,26912,
2020,Southern Seoul,Women,45978,36610,35629,981,9368,7144,1999,225,
2020,Eastern Seoul,Men,171190,118100,9604,108496,53090,21066,1485,30539,
2020,Eastern Seoul,Women,60598,50246,47072,3174,10352,8906,1242,204,
2020,Busan,Men,138067,98535,6268,92267,39532,22533,217,16782,
2020,Busan,Women,59235,47533,44470,3063,11702,11311,346,45,
2020,DaeguGyeongbuk,Men,139286,94485,10804,83681,44801,33827,361,10613,
2020,DaeguGyeongbuk,Women,57087,46294,46046,248,10793,10257,453,83,
2020,Incheon,Men,119383,90998,5302,85696,28385,16096,381,11908,
2020,Incheon,Women,45691,39882,36965,2917,5809,5358,328,123,
2020,Ulsan,Men,63660,47998,6385,41613,15662,8467,239,6956,
2020,Ulsan,Women,18858,16447,16337,110,2411,2244,156,11,
2020,Gyeonggi,Men,171193,129302,12486,116816,41891,17926,1437,22528,
2020,Gyeonggi,Women,54709,48713,48039,674,5996,5326,588,82,
2020,Gangwon,Men,117333,90844,4812,86032,26489,17802,128,8559,
2020,Gangwon,Women,23337,18794,17401,1393,4543,4314,145,84,
2020,Chungbuk,Men,65938,51770,4867,46903,14168,11566,384,2218,
2020,Chungbuk,Women,19810,17352,15608,1744,2458,2402,55,1,
2020,DaejeonChungnam,Men,171640,124584,9662,114922,47056,37146,206,9704,
2020,DaejeonChungnam,Women,67185,55254,54756,498,11931,11666,240,25,
2020,Jeonbuk,Men,76352,60881,7763,53118,15471,10514,282,4675,
2020,Jeonbuk,Women,26418,22928,21869,1059,3490,3243,234,13,
2020,Jeonnam,Men,127499,90037,9350,80687,37462,26476,443,10543,
2020,Jeonnam,Women,55654,46093,42139,3954,9561,9004,499,58,
2020,Gyeongnam,Men,100405,80121,9793,70328,20284,15289,135,4860,
2020,Gyeongnam,Women,30684,27180,26535,645,3504,3405,84,15,
2020,Jeju,Men,29017,20478,2609,17869,8539,5294,39,3206,
2020,Jeju,Women,12656,10442,10435,7,2214,2149,37,28,
2020,Outside of Korean Red Cross,Men,123326,82834,11539,71295,40492,16110,330,23612,440
2020,Outside of Korean Red Cross,Women,52865,46739,44836,1903,6126,5562,313,239,12
2021,Central Seoul,Men,155322,102508,7527,94981,52814,19137,1986,31691,
2021,Central Seoul,Women,61162,50572,48011,2561,10590,8128,2089,373,
2021,Western Seoul,Men,,,,,,,,,
2021,Western Seoul,Women,,,,,,,,,
2021,Southern Seoul,Men,132869,89871,5988,83883,42998,13607,1783,27608,
2021,Southern Seoul,Women,43517,35748,34808,940,7769,5626,1869,274,
2021,Eastern Seoul,Men,167635,113625,9370,104255,54010,19698,2080,32232,
2021,Eastern Seoul,Women,62920,52826,50552,2274,10094,8298,1528,268,
2021,Busan,Men,135511,96577,6135,90442,38934,20013,368,18553,
2021,Busan,Women,59275,48400,46314,2086,10875,10234,525,116,
2021,DaeguGyeongbuk,Men,159155,112640,12780,99860,46515,32711,397,13407,
2021,DaeguGyeongbuk,Women,66175,56237,56010,227,9938,9263,604,71,
2021,Incheon,Men,119848,90546,5717,84829,29302,16473,462,12367,
2021,Incheon,Women,46915,41367,39137,2230,5548,5009,444,95,
2021,Ulsan,Men,63842,48195,7697,40498,15647,8168,223,7256,
2021,Ulsan,Women,19707,17497,17461,36,2210,2033,166,11,
2021,Gyeonggi,Men,168602,125792,12626,113166,42810,17533,1684,23593,
2021,Gyeonggi,Women,57134,51228,50727,501,5906,5062,747,97,
2021,Gangwon,Men,110113,85184,5176,80008,24929,16397,303,8229,
2021,Gangwon,Women,24180,19980,19143,837,4200,3982,193,25,
2021,Chungbuk,Men,63824,51232,5953,45279,12592,9894,374,2324,
2021,Chungbuk,Women,20749,18508,17572,936,2241,2148,83,10,
2021,DaejeonChungnam,Men,166881,121591,11285,110306,45290,33818,408,11064,
2021,DaejeonChungnam,Women,66548,55760,55312,448,10788,10346,386,56,
2021,Jeonbuk,Men,76286,61511,8466,53045,14775,9460,316,4999,
2021,Jeonbuk,Women,26629,23662,22994,668,2967,2680,272,15,
2021,Jeonnam,Men,127598,92965,10373,82592,34633,22487,747,11399,
2021,Jeonnam,Women,57700,48793,44743,4050,8907,8224,529,154,
2021,Gyeongnam,Men,95004,75390,9089,66301,19614,13847,220,5547,
2021,Gyeongnam,Women,29643,26401,25947,454,3242,3122,109,11,
2021,Jeju,Men,29466,21719,2992,18727,7747,4327,46,3374,
2021,Jeju,Women,12569,10859,10858,1,1710,1599,83,28,
2021,Outside of Korean Red Cross,Men,123175,81261,13025,68236,41914,15644,338,25395,537
2021,Outside of Korean Red Cross,Women,54483,48653,47755,898,5830,5113,372,307,38
2022,Central Seoul,Men,155262,103044,8221,94823,52218,19658,1872,30688,
2022,Central Seoul,Women,68355,56927,54647,2280,11428,8960,2084,384,
2022,Western Seoul,Men,,,,,,,,,
2022,Western Seoul,Women,,,,,,,,,
2022,Southern Seoul,Men,132872,90674,7222,83452,42198,13798,1535,26865,
2022,Southern Seoul,Women,48969,40518,39780,738,8451,6377,1810,264,
2022,Eastern Seoul,Men,166638,108055,10212,97843,58583,22459,1920,34204,
2022,Eastern Seoul,Women,71618,60782,58640,2142,10836,8845,1674,317,
2022,Busan,Men,138212,98021,5861,92160,40191,21264,400,18527,
2022,Busan,Women,65959,54001,52633,1368,11958,11317,552,89,
2022,DaeguGyeongbuk,Men,158967,116409,12362,104047,42558,27069,405,15084,
2022,DaeguGyeongbuk,Women,66187,55670,55503,167,10517,9801,641,75,
2022,Incheon,Men,119983,88217,5161,83056,31766,17053,416,14297,
2022,Incheon,Women,50726,44366,42685,1681,6360,5738,511,111,
2022,Ulsan,Men,64183,47511,6642,40869,16672,8728,213,7731,
2022,Ulsan,Women,22936,20030,17309,2721,2906,2647,227,32,
2022,Gyeonggi,Men,158940,116917,12184,104733,42023,18197,1249,22577,
2022,Gyeonggi,Women,57867,51629,51286,343,6238,5266,870,102,
2022,Gangwon,Men,98394,73085,4696,68389,25309,16808,295,8206,
2022,Gangwon,Women,26472,22280,21452,828,4192,3934,228,30,
2022,Chungbuk,Men,61230,48459,5403,43056,12771,10297,420,2054,
2022,Chungbuk,Women,22590,20511,20044,467,2079,2016,47,16,
2022,DaejeonChungnam,Men,165157,115736,9887,105849,49421,37941,414,11066,
2022,DaejeonChungnam,Women,71999,58540,58231,309,13459,13035,370,54,
2022,Jeonbuk,Men,69236,53496,7061,46435,15740,10945,414,4381,
2022,Jeonbuk,Women,27728,24002,23445,557,3726,3399,317,10,
2022,Jeonnam,Men,124892,88115,8215,79900,36777,24917,514,11346,
2022,Jeonnam,Women,64633,54243,48988,5255,10390,9853,458,79,
2022,Gyeongnam,Men,92168,71399,7913,63486,20769,15389,446,4934,
2022,Gyeongnam,Women,31082,27209,26765,444,3873,3765,106,2,
2022,Jeju,Men,28988,19848,2643,17205,9140,5182,42,3916,
2022,Jeju,Women,12760,10432,10425,7,2328,2212,93,23,
2022,Outside of Korean Red Cross,Men,141062,100202,14934,85268,40860,15647,312,24488,413
2022,Outside of Korean Red Cross,Women,62942,57780,57148,632,5162,4568,273,269,52
2023,Central Seoul,Men,165697,103998,9024,94974,61699,25262,1542,34895,
2023,Central Seoul,Women,68768,56148,53872,2276,12620,10090,2052,478,
2023,Western Seoul,Men,,,,,,,,,
2023,Western Seoul,Women,,,,,,,,,
2023,Southern Seoul,Men,147219,97267,10511,86756,49952,17914,1720,30318,
2023,Southern Seoul,Women,49037,39809,39052,757,9228,6981,1928,319,
2023,Eastern Seoul,Men,180698,112971,12750,100221,67727,29123,2088,36516,
2023,Eastern Seoul,Women,75082,62902,61369,1533,12180,10123,1658,399,
2023,Busan,Men,142395,98332,7649,90683,44063,23723,397,19943,
2023,Busan,Women,63300,50698,49509,1189,12602,11952,554,96,
2023,DaeguGyeongbuk,Men,167443,118750,14234,104516,48693,31667,525,16501,
2023,DaeguGyeongbuk,Women,62272,51326,50958,368,10946,10240,612,94,
2023,Incheon,Men,127399,87219,7173,80046,40180,20954,519,18707,
2023,Incheon,Women,49440,41694,40267,1427,7746,6873,689,184,
2023,Ulsan,Men,73750,51991,6968,45023,21759,10255,314,11190,
2023,Ulsan,Women,25511,21803,17354,4449,3708,3313,356,39,
2023,Gyeonggi,Men,169324,119535,14551,104984,49789,23350,1354,25085,
2023,Gyeonggi,Women,55839,48550,48212,338,7289,6296,881,112,
2023,Gangwon,Men,106032,77970,6361,71609,28062,18505,169,9388,
2023,Gangwon,Women,26819,22566,21878,688,4253,3919,276,58,
2023,Chungbuk,Men,63581,48661,5678,42983,14920,12093,168,2659,
2023,Chungbuk,Women,21840,19282,19016,266,2558,2524,25,9,
2023,DaejeonChungnam,Men,168393,115499,10529,104970,52894,40427,294,12173,
2023,DaejeonChungnam,Women,66210,52568,52284,284,13642,13283,279,80,
2023,Jeonbuk,Men,72737,54741,7278,47463,17996,12577,203,5216,
2023,Jeonbuk,Women,27377,22496,22116,380,4881,4509,327,45,
2023,Jeonnam,Men,128962,87674,9651,78023,41288,27681,483,13124,
2023,Jeonnam,Women,60125,49934,46610,3324,10191,9784,326,81,
2023,Gyeongnam,Men,99097,75763,9552,66211,23334,18433,373,4528,
2023,Gyeongnam,Women,29996,25519,25298,221,4477,4358,119,,
2023,Jeju,Men,32532,21817,2912,18905,10715,6014,54,4647,
2023,Jeju,Women,14571,11576,11557,19,2995,2823,138,34,
2023,Outside of Korean Red Cross,Men,163633,111712,11492,100220,51921,17924,310,33282,405
2023,Outside of Korean Red Cross,Women,71212,62719,54142,8577,8493,7652,425,381,35
