"Daily",2005,2006,2007,2008,2009,2010,2011,2012,2013,2014,2015,2016,2017,2018,2019,2020,2021,2022,2023
"01.01",33341,26062,11363,8862,20417,33305,31926,19281,25113,35427,28690,13209,21740,27867,21323,22008,19329,30736,29557
"01.02",32910,24630,10632,9119,19210,33091,33443,17530,24078,34968,27093,13928,19560,26972,20525,20227,21181,32616,27586
"01.03",31669,22738,10229,9306,19518,33855,31274,16078,23338,34232,29394,13929,17597,25812,18684,18665,21645,30918,25534
"01.04",33033,21094,9733,9685,21317,30511,29697,14548,21868,36695,30111,12771,17335,25020,17161,19649,20444,29218,23885
"01.05",32854,19602,9887,9427,19507,29003,27784,14189,23722,38060,28500,10735,17715,23229,18409,19803,19162,27636,21893
"01.06",31889,17562,8761,9276,18034,27304,25278,13227,25007,35672,26356,9640,18126,23982,18639,17594,17948,25548,20438
"01.07",32098,17423,8380,10472,16475,25459,23411,14936,23261,34411,24443,10658,20364,23996,17334,15627,16227,23585,21647
"01.08",30253,17324,10641,10796,15170,23024,25120,17471,22712,32695,23198,11233,20973,22515,16098,14212,16032,25133,22069
"01.09",30256,16957,10019,10737,15136,24189,27186,14915,22062,31515,21932,14155,19907,20999,14976,12433,18408,25937,19784
"01.10",30281,16363,10391,11061,16314,25371,24307,13863,22235,29963,24228,16021,18481,19497,14658,12717,19512,23267,17949
"01.11",30514,16134,10941,10592,17260,22762,22538,13076,20985,33411,24631,15251,18100,17505,14703,14450,17931,20708,16726
"01.12",31194,16274,10655,12209,15404,20561,21350,12914,22872,34648,23095,14315,17307,16733,16408,15230,16768,18544,15667
"01.13",30711,15676,10270,10523,13951,19151,20583,12470,26098,32244,21584,14222,16775,18402,16967,14561,16114,16877,15473
"01.14",30491,16294,9187,12922,13343,18110,19279,15066,24492,31138,20285,14025,19141,19541,15139,13594,14684,15604,17569
"01.15",28734,15664,9827,13859,11984,16455,21365,16415,22254,30322,20004,14905,19504,17839,14059,14525,14104,16393,17689
"01.16",28381,16033,10225,14383,12123,18082,23269,15037,21175,29082,19429,16270,19635,16437,14038,15160,15965,17042,16789
"01.17",28900,16403,10647,15320,11992,20064,22162,13821,21142,27343,22702,17817,19383,16106,14344,15882,17141,15511,16294
"01.18",28732,15528,10824,15536,13967,20163,21130,12991,20499,30184,24110,17228,18968,16404,14663,18421,15236,14292,15843
"01.19",27801,15484,10809,15559,13740,19728,20820,12836,23524,32380,22917,15969,18639,16740,16578,20071,13636,13980,15884
"01.20",27681,16280,10954,15975,13364,18274,20401,11764,24619,30766,22342,16153,18714,18152,17371,19646,12735,13540,16500
"01.21",27503,16266,10263,17322,13225,18593,19387,12964,22124,29193,21548,15923,20939,19179,17314,18876,11472,13326,16305
"01.22",25849,15787,11708,16565,13427,19553,22430,11369,21198,29190,21275,16616,21141,18293,17016,18459,11424,15293,15121
"01.23",25502,16981,11621,17665,12869,22959,24856,10163,20860,28350,20802,17949,21901,17563,17065,19176,13265,16442,14624
"01.24",25637,17203,11270,18279,15228,25412,24036,10536,20591,27628,24702,18768,21339,17810,16881,17243,14011,15493,15173
"01.25",25939,16021,11677,18485,13990,26098,23379,11502,20690,30449,25894,18980,21433,17637,17175,15576,14040,14856,14538
"01.26",25855,16690,11664,21613,12830,26671,22875,11518,23427,32147,26084,17862,21882,17242,20079,14388,13866,14940,14889
"01.27",25042,16643,13256,22182,13824,26164,22909,12235,26269,31565,25914,17868,20188,19438,21199,14477,14338,14955,15882
"01.28",24581,17143,13305,23397,14973,27908,23017,14678,26163,30721,25311,18333,18449,20855,22030,15336,14135,15977,18852
"01.29",22926,16018,13652,23483,16008,28186,25933,16311,27049,28889,25496,18832,17864,20590,21580,15480,14714,17006,20676
"01.30",22999,15314,13389,23692,15024,30484,28212,16511,28126,27371,25146,21923,18506,19924,21438,14957,17007,17643,20007
"01.31",22724,16220,13558,24962,16584,32989,27600,17593,29670,26202,29082,23525,18704,20493,20987,14997,18094,15854,19241
"02.01",24168,16625,13976,24424,18098,32926,25509,16802,28959,27387,30133,23644,18483,19703,21798,16294,17369,14428,18588
"02.02",26268,17351,14206,25654,16894,32667,25548,17216,32929,28334,29798,22667,18146,19430,24295,16664,17072,14702,17699
"02.03",26640,17623,15134,26989,15793,32815,24435,16799,34847,27253,29620,22739,17749,20927,24770,14878,16570,14490,17285
"02.04",26999,16542,15096,25869,15637,33414,24478,20331,33914,26921,29483,22640,19091,20861,22751,13285,15691,14145,19179
"02.05",26291,16173,16641,24567,14815,33286,26101,23271,33352,26074,29310,22082,18853,20731,20986,13096,16436,15263,20291
"02.06",26860,17467,17591,23690,13895,35164,27969,21943,33881,25963,28751,23268,18627,19572,20837,13471,19648,16024,19182
"02.07",27341,16921,17911,22947,15364,37764,27281,22839,33662,23997,31747,22035,17371,19990,21274,14199,21105,14393,18058
"02.08",26579,16443,18790,22674,16080,38933,27160,22797,31998,27364,33691,20486,16869,19697,21986,16370,20175,13440,16885
"02.09",25766,16531,19400,25275,16168,38663,25763,23649,31861,29426,31847,19904,16931,19144,24404,17438,18824,13587,16269
"02.10",25732,16663,21566,26573,16107,38195,25566,22983,30867,27697,31013,19603,16839,20261,25740,16677,18341,13398,16294
"02.11",27721,17146,21786,27435,15357,37363,24610,26112,31122,26331,30325,18509,18592,21163,24774,16451,16832,13486,19020
"02.12",26576,17139,22836,27405,15954,35930,25874,28740,30737,24440,29761,16686,18646,20553,23008,16053,15315,15214,20240
"02.13",27080,18150,22817,26783,14144,37181,27987,27096,30491,23346,28936,16942,18932,19289,21001,16784,15756,16280,18403
"02.14",28163,17938,23534,26604,16565,36060,25915,26033,30006,21877,30731,17476,18172,18887,19860,17520,17470,14710,16965
"02.15",29562,18468,24261,26379,17724,35882,25100,25180,28813,24162,31388,14998,17627,16912,18267,20783,16672,13817,16241
"02.16",28937,19073,23685,26778,16968,36842,24059,24818,29964,25062,28867,13138,16969,15108,19600,22589,15344,12929,15671
"02.17",30294,19452,24757,27803,16222,36625,22943,24029,29900,22808,26379,11940,16942,15906,19644,21453,13968,12478,16062
"02.18",30119,19764,23927,28127,16187,36272,22265,27125,27593,20825,25369,11131,18719,16669,18169,18832,13035,12617,18957
"02.19",28159,19523,23021,28488,16102,35163,23099,29184,26043,19843,24079,11431,18699,17111,16801,18182,12382,14391,19910
"02.20",27967,20922,24113,27677,15780,37719,25237,27245,24717,18604,23863,12381,18600,15997,16205,17680,14287,15627,18691
"02.21",27917,20552,24769,26748,18336,38837,24378,26142,24185,17184,24625,12652,17231,14577,15530,17764,14719,14507,17520
"02.22",28104,20342,25397,26122,19364,37191,22838,24819,22327,19825,26124,13188,16128,15470,14632,18990,13454,13870,16467
"02.23",28576,20603,25198,27599,19272,35346,21748,23796,25310,21354,24359,12519,16400,16051,16272,18688,12723,13672,15699
"02.24",29054,20490,27513,27746,19227,33321,21579,22926,26548,19441,22946,12505,16689,18377,16997,17106,12104,13493,15621
"02.25",29441,21613,27827,27604,18732,31478,21013,26261,24165,18357,21508,11933,19009,20085,16169,15397,12040,13182,17627
"02.26",28219,21227,28277,26039,18407,28955,23260,27733,22755,17791,21473,12115,19123,20010,15064,14726,12746,14568,18474
"02.27",28996,20920,28629,25436,17905,31518,24952,26111,21412,17724,21011,13702,19520,19232,14669,14657,14942,15936,16898
"02.28",29076,21166,27368,25496,22158,32618,23320,25409,19712,17531,23411,13599,19369,18663,15105,13455,15848,16146,16134
"02.29",13949,-,-,24419,-,-,-,24681,-,-,-,13949,-,-,-,14227,-,-,-
"03.01",13364,20823,27870,26776,23662,32720,24624,26063,19783,19655,23910,13364,19255,19315,13488,14558,15328,17637,16327
"03.02",12655,20448,26839,27579,22772,31726,23410,23559,22415,21108,21654,12655,19281,20201,16573,13028,13571,17199,15148
"03.03",11570,19785,26194,25685,21947,30545,21248,26420,23211,19612,19630,11570,18614,22185,17225,12128,12960,16423,14935
"03.04",12988,19839,25946,24227,20591,29607,19643,27410,21492,18045,17908,12988,20299,22321,16114,11998,12079,15855,16736
"03.05",14691,19789,25070,23419,19521,27908,21715,25048,19178,17448,16486,14691,20951,22085,14913,11238,11969,17473,17789
"03.06",16243,19684,23383,22993,18280,29483,22655,23499,18117,16327,15255,16243,20058,20822,14004,13002,15097,18295,15705
"03.07",14946,19659,22104,21664,19277,30487,20728,21508,16740,15914,18490,14946,18820,19458,13695,15634,16083,16638,14661
"03.08",13345,19035,21843,22922,21015,28895,19239,19815,14894,19859,19170,13345,18622,18563,13628,16518,14565,16177,13895
"03.09",13466,18828,20293,23959,20051,27602,17869,17453,17778,20993,17357,13466,17933,18740,15783,16454,13149,17004,12785
"03.10",12375,18336,21413,23884,19373,25905,16760,19355,19323,21011,15689,12375,18693,21164,16414,16445,12421,16163,13454
"03.11",13314,18562,21604,22228,18531,25604,16079,20430,17767,20095,15053,13314,20092,22050,15219,16864,11861,15451,15684
"03.12",15765,18881,20806,21273,18208,23590,18882,18995,15871,19351,14214,15765,20377,21901,14159,15563,11391,16294,16289
"03.13",17903,19131,19698,20103,16442,26150,20790,18021,14222,18764,14505,17903,20688,20721,13298,17295,13862,16644,15146
"03.14",15906,18667,19000,18893,18504,27411,19301,17745,13694,17606,19013,15906,19475,20010,12915,19374,15349,14825,14917
"03.15",14536,18722,18629,19354,19995,26114,17646,18110,13590,21274,20279,14536,19218,19182,13793,19747,14409,13595,14759
"03.16",13755,18979,17677,20729,18874,24529,16692,17175,16960,22959,19735,13755,19284,18726,16051,20174,13484,13520,14453
"03.17",13302,19228,18048,21163,18676,22697,15884,19323,19004,21871,19370,13302,19764,20126,17402,20138,13154,12824,15056
"03.18",14210,19289,18115,20370,17999,22290,15582,20893,18411,20530,17640,14210,20857,20476,16485,20655,12726,12800,18121
"03.19",16300,19225,18021,20185,16173,21670,18424,19407,18323,20851,15880,16300,21929,20200,15341,20729,12558,14004,18497
"03.20",16872,19821,18008,20714,16085,23537,19889,19140,17672,20509,16243,16872,22328,19152,14233,21014,14640,15381,17813
"03.21",16466,20648,17274,20092,17871,25152,18927,17812,17678,20958,19411,16466,21483,18104,13635,22548,15689,14414,17180
"03.22",15772,21437,17050,21813,18833,23748,18446,16247,18028,23918,20550,15772,20969,17518,15061,22250,15072,13765,16439
"03.23",15845,22434,16608,22700,18349,22761,18058,15064,21710,25917,19088,15845,21164,18640,16558,22232,14089,13142,15770
"03.24",15856,22629,18164,22382,18306,21991,17727,17644,23265,24649,19037,15856,22017,21028,17265,21440,14334,12559,16775
"03.25",16195,23516,18053,22602,18553,21551,16860,18757,23717,24006,19376,16195,24270,21405,17777,21261,14586,12689,19121
"03.26",17717,23600,18239,22351,17982,21259,18969,18536,23895,24017,19844,17717,25480,22617,16660,20917,14801,14250,20438
"03.27",18848,24522,18235,22333,18146,24053,20650,17810,24033,24076,19674,18848,27062,21487,16590,20722,16516,15495,19450
"03.28",18470,24611,18079,23061,20354,25245,20160,17517,23998,24468,23456,18470,26288,21626,16210,22211,17480,14323,19330
"03.29",17127,25250,18029,22809,21609,25504,19877,16978,24478,27557,25305,17127,26455,22186,17232,22581,16992,12955,18961
"03.30",17008,26068,18137,23101,21840,24251,20143,16574,28105,29372,25147,17008,25685,23011,19023,21977,16420,12693,18831
"03.31",17070,26271,18610,24265,21597,23797,21177,19513,30176,28370,24401,17070,26701,24452,19545,21302,16338,12611,19142
"04.01",17060,26086,19179,24865,21688,23053,20878,20963,29592,27990,23265,17060,27837,25321,19477,20143,15469,12627,20897
"04.02",17989,26019,19667,25592,22913,22974,22610,20123,29008,26889,22667,17989,27736,24748,18889,19088,15272,14861,21531
"04.03",17870,26831,19733,25737,22752,24028,24705,19358,28713,26775,22303,17870,26833,22707,18176,17510,16497,15496,20050
"04.04",16583,27114,20213,25713,23707,25727,24011,18376,28828,27065,24537,16583,25004,21351,17023,17520,17151,14357,18262
"04.05",15372,25451,20998,26986,25647,25352,23022,18679,29084,29507,25872,15372,23988,20282,16812,17682,16183,13701,16955
"04.06",14163,26779,20892,27429,25460,24031,22244,17997,32071,30664,23898,14163,22151,19889,17237,16308,15073,12863,16035
"04.07",13677,27356,20546,27423,24575,23973,21230,20765,33271,29629,22770,13677,21447,20460,17408,15007,13848,12405,16508
"04.08",13761,27677,21210,27923,24320,22933,20850,21997,33082,29241,21698,13761,21831,20509,16656,14106,13239,12779,18215
"04.09",14529,28010,22225,27234,24546,22775,23106,20507,33102,27737,21217,14529,22285,20509,15367,13830,13424,14335,19141
"04.10",15663,28349,21802,27591,23571,25522,24553,18687,32999,26559,21052,15663,19985,19000,14069,14621,14978,15343,17384
"04.11",14501,28465,22181,28363,25406,26026,23358,18760,32358,27055,23093,14501,18576,18099,13448,16488,15569,13981,15587
"04.12",13724,29330,22807,29990,26572,24964,22270,17973,33597,29086,23098,13724,17506,17704,13556,17250,13866,13725,14862
"04.13",12354,30150,22335,30588,25985,24068,22489,17140,37169,29890,21805,12354,17066,17730,13822,16813,13019,13736,14391
"04.14",12411,30836,23896,29959,25034,24170,22152,19530,37630,29130,19847,12411,17441,18452,14097,15795,12274,13498,14471
"04.15",12896,31303,23474,29436,24432,24567,21772,20255,36749,27475,18837,12896,18252,19233,13407,15606,11438,13503,17112
"04.16",12915,31101,23309,28322,23649,24264,23410,19476,36698,25154,17545,12915,18436,18881,12265,14866,12006,15057,17887
"04.17",12902,31058,23122,27692,23023,25771,24874,18882,35592,23227,16939,12902,17680,17071,11338,14896,14519,16210,15675
"04.18",12394,30857,22764,27375,24422,26145,23025,17935,34523,23323,18991,12394,15890,16014,11057,17409,15604,16520,14124
"04.19",10661,30292,22951,27772,25618,24249,21580,17516,34612,24894,19827,10661,15312,15075,11462,18840,13462,16945,13457
"04.20",10075,29726,22313,28414,23870,23050,19902,17691,36358,25794,18045,10075,14580,15080,12306,18332,11913,17347,13862
"04.21",13612,28695,22254,27783,23977,21449,19113,19497,37276,23992,16140,13612,15407,15851,13854,17312,10803,17169,14325
"04.22",16604,29458,22092,27153,23717,20850,17318,20159,36528,22859,15597,16604,16485,15754,13471,16858,10555,16707,16704
"04.23",18942,29285,22856,26730,23089,19519,19637,18288,34756,22051,15542,18942,15962,14892,11960,16115,11645,19676,17716
"04.24",20301,29451,22789,25995,22493,22166,20962,16999,34288,22208,15619,20301,16727,13405,11029,16639,13503,20616,16655
"04.25",18326,29265,21922,26792,24166,22636,20038,15047,34077,22209,18830,18326,15352,13287,11391,18376,14346,20294,15602
"04.26",18472,28643,22312,27865,25423,21333,18852,14610,34228,24743,19118,18472,15327,14825,13045,18879,13270,20195,14995
"04.27",18476,28360,20887,28496,24973,20943,18647,14851,36889,25934,18304,18476,15606,16364,15044,17751,12137,20062,14326
"04.28",18786,27947,22535,28378,24534,20119,18938,17333,37912,24116,18081,18786,16489,19239,15701,16894,11977,19727,14499
"04.29",21428,27572,22809,28326,24392,20737,19309,18613,37564,23996,18180,21428,18063,21071,15505,16707,12611,20645,16429
"04.30",24247,27659,21939,28058,24458,20657,20791,18316,37717,23113,18776,24247,19011,21454,13884,16357,13670,24130,17724
"05.01",24630,26092,20489,27468,23719,21475,22207,18141,35579,21407,18450,24630,18692,19601,14342,15914,15163,24585,17960
"05.02",24500,26217,20789,27127,25589,22709,21620,18269,31215,22325,21557,24500,19783,19632,15597,17303,17373,24418,17151
"05.03",25679,26746,20850,26840,26320,21968,21433,19100,31254,25995,21957,25679,18978,19536,16974,17633,16435,24629,16850
"05.04",25821,26150,20202,27304,25869,21693,20858,20137,34468,27273,23081,25821,21225,20152,19539,16335,15790,24853,15201
"05.05",24105,25145,20977,26967,26207,22666,21310,23997,35464,26155,23115,24105,19905,21702,19305,15517,14858,25158,14818
"05.06",24000,24345,20696,27427,25690,22231,21758,25858,35613,27409,23418,24000,22051,22617,18858,13728,14583,26314,15850
"05.07",24556,24198,21404,28401,25483,22542,23234,25844,35343,26207,24006,24556,22296,21584,18558,12870,14233,28397,16612
"05.08",25465,23399,21105,28128,25634,24814,24390,24932,35510,26505,24855,25465,23417,21705,17322,11938,16329,28991,15856
"05.09",25405,23882,20696,27135,27079,25796,24369,25390,36271,27019,28342,25405,21895,21320,16966,13084,17635,28599,15350
"05.10",24533,23401,21512,28759,28065,26489,25442,25573,36898,30735,28995,24533,22638,21760,16985,13212,16169,28658,14797
"05.11",25050,22858,21876,29767,27778,26984,24319,26057,40079,31844,27644,25050,23155,21541,18332,11931,15154,28711,14918
"05.12",25836,22417,23111,28555,27910,27415,23959,28981,41385,31616,27518,25836,24324,23156,18050,10844,14369,28934,15770
"05.13",26652,23318,23264,29044,28843,28622,24117,31078,40939,31703,27497,26652,26249,23555,18039,10616,13766,29536,18877
"05.14",27603,23350,24826,29424,29757,29035,27112,30839,40561,33247,28591,27603,26943,25263,17093,10278,13829,31747,19810
"05.15",28348,23005,24563,29554,29371,30456,28602,31217,39852,33233,28012,28348,27402,24882,16109,11369,16092,32428,18638
"05.16",28374,23506,24172,29358,29927,31428,28061,31177,39568,34109,29730,28374,27165,24064,16241,17292,16399,32611,17822
"05.17",28252,23919,24744,29615,31890,31057,28244,31080,38459,37198,30429,28252,26659,23586,16436,19604,15685,32089,17218
"05.18",27478,24340,24851,29853,32780,30103,28674,32347,41084,38976,30289,27478,26962,24002,17714,21211,15875,32001,16469
"05.19",27846,23846,25579,30841,33611,29848,28696,34314,41948,39235,30330,27846,28851,25588,18597,20344,15667,32626,17232
"05.20",28710,23958,26343,31577,34229,29943,28559,36466,41403,39971,29760,28710,30764,26130,18650,20199,15920,32954,19378
"05.21",30602,23853,27598,32024,33846,29670,30467,36636,41995,40839,29933,30602,31006,28053,18448,20126,16018,35401,20164
"05.22",31336,24308,28833,31901,34252,32014,32142,36051,42074,41123,30400,31336,32158,26371,18691,20916,18130,36588,19584
"05.23",31068,25381,29001,31380,36063,32450,31734,36016,42241,42785,31528,31068,32011,27454,19112,23746,19170,36497,19414
"05.24",29594,26398,27834,32590,37312,32084,31925,36260,41495,45501,33164,29594,32550,27754,19007,24727,18295,36176,18583
"05.25",29758,27119,29075,32870,38878,32304,32361,36659,43479,46633,33110,29758,33636,28378,21400,23315,17630,36065,18952
"05.26",29288,27383,29960,33802,39577,32382,32120,38408,44308,46704,31887,29288,35093,30767,21496,22419,16925,36230,19022
"05.27",30070,27890,30220,34620,40984,33948,33064,39353,43206,46825,32487,30070,37731,31783,21834,21364,16716,36721,20356
"05.28",31919,28339,30577,35030,42464,35133,35766,39419,42477,47383,32983,31919,39260,32453,21936,20581,16870,38826,21882
"05.29",33039,29993,31984,34808,43943,37118,37067,38769,42603,48137,33760,33039,39508,32038,22292,19546,18601,40143,21655
"05.30",33045,31022,32888,35797,44569,38631,37823,38756,43247,49145,35497,33045,39315,32725,23194,21788,19088,39809,21304
"05.31",32921,29545,34217,35828,46386,39978,38505,39440,43950,50952,36744,32921,40284,33766,24965,22814,17544,40234,21456
"06.01",32583,29155,34738,36269,47363,40418,37268,38860,46392,52224,36165,32583,40222,33349,27471,21949,16314,39568,21397
"06.02",32348,29638,34143,36926,47029,40212,37185,42025,46950,50659,34824,32348,40833,33848,27785,20198,15583,39784,21906
"06.03",32956,29678,34226,37454,47064,41903,37016,43173,46970,49057,33723,32956,42105,33853,27064,19660,14578,39945,23946
"06.04",34910,29584,36518,37552,47018,42175,38285,41434,45999,48555,32680,34910,42221,33413,26197,19044,16644,41273,25022
"06.05",35391,29912,37174,37882,46555,44089,39443,40818,44821,48595,31663,35391,43266,32131,26360,18115,20251,42193,25148
"06.06",33898,29154,36566,38045,47940,44736,40020,41667,44445,48300,33908,33898,42141,32306,26809,19982,21109,41664,26835
"06.07",33209,29178,36457,38440,48872,45127,39296,39922,45191,49014,34606,33209,41307,30691,27291,20896,20274,40839,25354
"06.08",31849,29439,36296,38218,49098,44900,38549,38923,47730,50033,32806,31849,40421,30758,28609,19595,19429,39821,24219
"06.09",30171,29668,36761,38494,48552,43615,38192,41488,49015,48020,30995,30171,40934,31776,28933,18131,18605,38875,24016
"06.10",30198,29877,37110,38503,48861,43143,37994,42587,48166,46044,30660,30198,42195,31645,28516,17892,17876,38584,25410
"06.11",30953,29568,38251,38518,49466,43691,40040,40616,46316,44267,30434,30953,42232,31086,27783,17219,17533,40389,25933
"06.12",30784,29596,37930,37870,49335,45791,40795,39263,45623,42863,30009,30784,41248,29991,27332,17373,19041,41290,24579
"06.13",29500,30005,37129,38103,50715,46493,40307,38842,46122,42621,32160,29500,40477,29102,26927,19795,20035,40542,24137
"06.14",28837,30615,38249,39464,51540,46351,39607,39695,45856,45352,34032,28837,40081,29876,27561,20586,19226,41541,25131
"06.15",27546,31002,38487,40083,51057,45439,37636,39771,48497,46245,32270,27546,39205,29601,28623,19759,17250,41903,25196
"06.16",26274,31232,38456,40212,50052,44666,37020,41976,49195,44466,30683,26274,38427,30615,28206,18837,16069,42004,25212
"06.17",26253,31678,38407,40646,48541,44425,35916,42674,46829,43561,30122,26253,38986,30661,27468,18676,14567,41683,26849
"06.18",27118,31202,39073,39767,49212,45217,37067,41748,44336,43012,29716,27118,38747,29779,26153,18011,14471,43405,27755
"06.19",27398,29507,39487,38078,49469,47167,38179,40555,43213,42421,30269,27398,37905,28124,24697,17846,16065,44386,26471
"06.20",25977,28799,38575,38387,49297,49068,35976,39093,42551,40870,32841,25977,36565,27396,23606,19997,16725,43359,24608
"06.21",23743,28307,37973,38540,50318,48664,34190,37706,41963,42663,33818,23743,35129,26175,23202,20655,15143,41905,23943
"06.22",22538,28107,36918,39353,50034,48728,32324,36691,43626,43218,33526,22538,34017,25649,24689,19968,14235,41135,22916
"06.23",21441,27483,37192,38760,49525,47551,31170,37939,44500,41360,33587,21441,33050,26325,25513,19159,13442,39278,22509
"06.24",21990,27787,37246,38426,48998,47593,29183,38809,42781,40494,33654,21990,33902,27028,24715,18865,12558,38970,24491
"06.25",23799,28028,36527,38365,48380,47195,29846,36842,40627,40074,33581,23799,34110,25310,22805,19151,13028,40379,26014
"06.26",24756,26747,35772,37157,46906,49480,30392,35060,39310,38752,32873,24756,31982,23205,21112,20093,15080,41925,24463
"06.27",23995,26542,33905,36625,48500,49718,27585,33683,38213,37254,35023,23995,30608,21212,19679,23482,16273,40052,23620
"06.28",22556,26348,32946,37631,49448,48309,26148,31950,36306,39926,35952,22556,28429,19150,18758,24557,15256,38661,23346
"06.29",22064,25054,31627,38228,47834,46809,23746,31364,37304,40442,35429,22064,26645,18526,19938,24784,14556,37353,21277
"06.30",20036,22800,32195,36980,45912,45322,21897,32836,37814,38411,34511,20036,25123,19374,20692,24235,14291,36355,21426
"07.01",18527,22247,32191,35335,45442,43771,20959,33652,35091,36496,34306,18527,25984,19658,19675,23267,13525,36065,23323
"07.02",19851,22291,30706,33222,44625,42801,22333,31636,32639,34216,33514,19851,26071,17489,18593,22162,13230,37474,24464
"07.03",19732,20779,30989,31635,43953,44152,23335,29541,31290,33138,33143,19732,23855,15105,18863,21443,14159,37810,23544
"07.04",18861,20563,31141,29884,44730,45677,22356,27898,29591,31188,35411,18861,21596,14926,17434,23188,15300,36180,22315
"07.05",18310,19966,31340,30604,45273,45365,21688,26945,29281,33268,35828,18310,19979,13960,17446,24268,14202,35573,22784
"07.06",17973,19937,31448,31012,44544,45788,21332,25310,31936,33803,36119,17973,19322,14764,19484,22542,13217,33937,23195
"07.07",18583,20328,32098,30493,44166,46199,21323,28076,32924,32228,35276,18583,20250,17832,19911,21593,12447,33943,23572
"07.08",18827,20765,31762,30925,43999,47009,20655,29949,31940,31757,35253,18827,22266,18926,19453,20541,12880,33997,25536
"07.09",19123,20555,32331,31437,44512,47578,22535,28926,32203,31950,34903,19123,22724,19011,19015,19602,13584,35514,26592
"07.10",19430,20449,33959,32106,45990,50150,24571,28686,32327,31938,35834,19430,22552,18603,18223,19024,15787,36193,26702
"07.11",19210,20840,35395,31960,47212,50511,22403,27716,32290,32919,37857,19210,22965,17798,18915,21158,17002,34899,25790
"07.12",19090,21393,34641,33204,48037,50820,19198,28702,31003,35777,38422,19090,22694,18303,19417,21497,15614,34710,26444
"07.13",20114,23610,35443,33234,47444,49586,18930,29274,33852,36437,38579,20114,23950,18785,21274,20090,15204,34831,26978
"07.14",20038,23300,36131,33266,45763,51610,19816,31943,34734,36756,39058,20038,24139,20080,21626,18938,13835,34448,27484
"07.15",20638,23123,36183,32905,47223,53020,19020,33068,34492,36528,39064,20638,26233,20518,21868,18296,13087,33928,29009
"07.16",22168,22304,37350,33296,47099,52660,21154,33453,34917,38231,39690,22168,26685,20721,21449,17664,13445,32440,29893
"07.17",22624,22098,37253,34554,46051,54161,22950,33848,35144,39434,40312,22624,27607,20055,21362,17981,15767,33745,30217
"07.18",23172,20576,38202,34684,46546,55405,21231,34463,36077,40265,43467,23172,27980,19521,21638,21249,17440,32480,29507
"07.19",23649,19995,37648,35107,48097,55360,20152,35253,35174,42971,43774,23649,28652,18788,21115,22506,15971,31924,29069
"07.20",23500,19965,36802,36147,47438,54666,19806,36144,37076,44199,42597,23500,29564,18665,22282,21677,14680,32175,28907
"07.21",23289,19133,37048,35477,46367,53509,19781,38253,38153,44387,42327,23289,30186,20344,23221,20256,13599,31083,29893
"07.22",23462,20351,37472,35167,45935,52594,19097,39211,37300,44458,41063,23462,32037,20048,22428,18902,12693,30459,33376
"07.23",25139,20426,36973,34240,44801,51379,21331,38166,35845,43664,40666,25139,32151,20335,20601,17575,12064,32477,34486
"07.24",26160,19396,36603,33290,43381,53228,22631,36811,34655,43423,39639,26160,32618,19373,19287,17689,13262,34025,33843
"07.25",25480,18483,35361,31790,45767,54664,21166,36524,34177,42565,41616,25480,32202,18542,18307,20470,13811,32610,33325
"07.26",24590,18437,34342,33812,46960,53913,20548,36108,32930,45210,42377,24590,32127,17504,17983,21324,13263,31996,32763
"07.27",23461,17992,33210,34443,47035,52822,18902,35385,34740,46241,41546,23461,32336,16933,19697,20094,12372,31522,32173
"07.28",23701,17833,33626,34169,46539,52095,18631,37181,35598,45403,40342,23701,32386,18499,20420,19096,11956,30696,31955
"07.29",22827,18218,33673,33287,46033,51986,17522,37901,35306,45320,39476,22827,34408,19728,19378,18205,11722,30023,33983
"07.30",24550,18013,33159,32477,45902,51439,19571,36217,34921,45268,38860,24550,34739,19885,18693,17547,12162,31149,34763
"07.31",25053,17142,32235,32380,45393,53103,20927,35469,34948,45229,37675,25053,35681,19704,18008,17763,14142,31996,34154
"08.01",24046,17170,31482,31361,46157,53970,19702,35051,35529,44569,39997,24046,35820,19593,17702,19976,15947,30620,33153
"08.02",22804,17419,31375,31869,47194,53646,19730,34255,35013,47257,41158,22804,35986,18591,17665,20532,14555,29284,32247
"08.03",22786,16759,29610,32628,46942,53350,17436,32722,37311,47413,39911,22786,35781,18103,18864,20800,13972,27912,31297
"08.04",22604,16148,29407,31872,45649,52886,17206,34852,39089,47027,38608,22604,36529,20137,19382,20845,13424,26249,30458
"08.05",22020,16143,29301,31685,44806,52177,15331,35455,37936,46342,37520,22020,38106,20023,18079,20293,12722,25464,31856
"08.06",23446,15979,29299,31818,44426,50994,16741,34144,37019,45613,35700,23446,37879,19790,16904,20693,12429,27272,32428
"08.07",23971,15436,28194,31805,43411,52908,17967,32772,37174,45207,34315,23971,37593,18670,15918,23036,14154,28713,30681
"08.08",23221,15600,27742,30312,44806,54205,16472,32031,36705,44021,35502,23221,37116,18188,16107,25344,15079,26221,29183
"08.09",21756,15116,27464,31401,46327,53570,15587,31269,35831,46646,35703,21756,37502,17447,15368,25505,13827,24497,27277
"08.10",20763,15087,26318,32093,46379,52947,14998,30111,38542,47552,34220,20763,37118,16867,17272,25496,12781,23364,25530
"08.11",20070,14165,27388,31131,45087,52257,15564,32724,39424,46451,33031,20070,37225,18343,18099,25164,12320,21865,25546
"08.12",19553,14422,27514,30114,44058,52587,14676,33421,38385,45113,31878,19553,39225,18321,17811,25768,11421,21427,28546
"08.13",21057,14190,26239,29137,44524,52843,16449,32416,37572,44156,31567,21057,40119,18058,17152,26250,11556,23638,29818
"08.14",20779,13977,24669,27574,42837,55085,17930,31391,37076,42712,28248,20779,40547,16904,16819,26669,13524,25123,29876
"08.15",20837,14985,25285,28480,44550,56220,18721,31953,38260,42596,30726,20837,40827,17889,17987,29268,14356,25307,31077
"08.16",19486,14801,24732,28311,45566,56101,17903,31375,37699,45326,31249,19486,39758,16329,17999,30536,13559,23803,30526
"08.17",18809,15240,23511,29090,45143,56049,16887,30041,40589,45830,29695,18809,38854,16025,20491,27948,12810,22053,30548
"08.18",18778,15946,23692,27659,44197,55745,16457,32102,41761,44327,27989,18778,38058,17924,21549,27892,11984,20248,31323
"08.19",18585,16361,23727,27115,43855,56619,15541,33393,40191,43368,26992,18585,39483,18522,20348,26716,12162,18990,33297
"08.20",19625,16690,22201,27182,43355,56232,17616,31140,39514,41884,25912,19625,39219,17606,18923,25650,12304,19999,34838
"08.21",20473,16238,21102,27222,43151,58642,19421,29349,38936,41013,25174,20473,38446,16952,17757,24341,13692,20863,33915
"08.22",19375,15048,19909,25260,44602,60253,17695,28408,38283,40034,27408,19375,37188,15970,17046,24801,15265,19368,33037
"08.23",18639,15210,19422,27791,46111,59438,17166,27988,37436,42297,27874,18639,35742,14757,16480,25172,14180,18387,32176
"08.24",18280,14537,18592,29422,45700,59180,16776,27006,40199,43003,26908,18280,34724,13639,18314,24380,12877,17514,31670
"08.25",17866,13467,19643,29234,44253,58542,16238,29377,41499,41608,26043,17866,33864,15937,19237,23747,11958,16464,31180
"08.26",17989,13165,19182,29162,43824,58473,15551,30722,40425,40989,26114,17989,35403,17103,18206,23001,11487,15960,34083
"08.27",18716,12856,17910,29688,43114,57971,17117,29434,40340,40463,26073,18716,36402,15931,17098,22133,11608,19161,35846
"08.28",19529,13271,17430,29997,42649,59939,18464,26142,41014,40492,26064,19529,35296,14814,16740,22136,13620,21429,34825
"08.29",20041,12712,16991,30095,44072,61237,16841,26238,40403,39570,29424,20041,34265,13974,16812,24617,15310,21198,33812
"08.30",18896,12548,17020,31315,45721,61404,16243,26021,41036,41967,30317,18896,33140,14257,17123,25726,14008,22262,34146
"08.31",17914,12482,16458,32336,45251,60777,15657,26269,43990,42975,29507,17914,32659,13497,19104,25221,12654,23339,34422
"09.01",17783,12042,15763,30760,44542,60509,14707,28490,44829,41785,28125,17783,31950,14477,19166,23634,12204,24157,34984
"09.02",18052,11282,15777,30452,44538,60265,14390,29513,43995,39798,27310,18052,33585,14138,17723,22119,11604,25084,37624
"09.03",18586,10956,15942,30934,44053,59796,15922,27551,43314,38782,26461,18586,33649,14205,16408,20950,12915,28454,38476
"09.04",18335,11260,15387,31773,43474,61294,17219,25782,43501,38671,26268,18335,32275,13956,16060,20294,15695,30199,36930
"09.05",17328,11615,15284,31672,43861,62402,15886,24708,42710,37697,27830,17328,30546,13766,15691,22973,16898,28061,35792
"09.06",16159,11228,14608,32696,44861,61451,14854,24020,42030,38698,28505,16159,28657,13513,16484,23495,16037,27394,34900
"09.07",15387,11499,13826,33365,43935,60626,14580,22877,44221,37444,27593,15387,27553,13565,16779,21254,12304,27482,33969
"09.08",15759,11618,13933,33549,42872,61074,14122,25709,44438,36238,26851,15759,26774,16786,17818,19402,12148,28487,33610
"09.09",16242,10999,13692,34305,41976,60778,13287,26241,43311,35066,26210,16242,27363,18321,17146,17993,12121,27529,35307
"09.10",18601,10812,13822,35021,41708,60151,14783,24800,42217,35698,25723,18601,27414,19636,16786,16452,12037,26372,36027
"09.11",19292,11321,13693,35248,40336,62065,13617,23475,41966,35185,25300,19292,25293,19598,16956,15739,13337,26715,34426
"09.12",19745,10829,13416,34166,41190,63001,11992,22831,40931,34306,27177,19745,23894,19728,15371,17879,14071,28508,33056
"09.13",19322,10731,13594,35256,42718,62386,11984,21565,40011,35994,28087,19322,22487,19594,13990,18800,14671,27667,32083
"09.14",17666,10997,13237,34108,40883,61906,12784,20839,42460,37004,27429,17666,21225,19791,14244,16893,13880,26929,30967
"09.15",15877,10860,11973,33741,39299,60874,12751,22589,43361,34999,26284,15877,21571,21693,15058,15635,13679,25935,30768
"09.16",14836,9654,11641,34290,38437,60721,12200,23703,41689,32199,25882,14836,22620,21681,14693,14468,13410,25630,33321
"09.17",14878,8831,12508,33490,38184,60062,14031,20871,40407,30744,25854,14878,23176,22408,13983,13875,14067,29020,34385
"09.18",15361,9523,12175,32432,37309,61226,15325,20207,39356,29891,24737,15361,22222,21475,13150,14040,15908,30417,32630
"09.19",15156,9302,12119,33071,38354,62248,13201,19608,37856,28682,27066,15156,20613,20377,12544,17026,16963,27966,31649
"09.20",13346,8549,11865,33195,38987,61094,12546,19538,37052,30192,28255,13346,20001,19668,12506,17802,15298,27270,30108
"09.21",12556,8794,12211,33783,36063,60398,11880,19425,38540,30897,27312,12556,19491,19119,13773,18298,13792,26253,29027
"09.22",12126,8672,11366,32856,34948,59007,12006,22055,39412,28987,26324,12126,19486,21167,14257,17819,13211,25232,29419
"09.23",11943,8298,10340,32657,33983,58549,11915,23287,37629,27989,25540,11943,20255,20831,13105,17325,13504,24584,31571
"09.24",12976,7931,8898,31829,33091,59024,13572,22307,35304,26338,25181,12976,21249,19196,12129,17342,15211,27009,32706
"09.25",12778,9436,8052,31710,31381,61019,15513,21828,33308,26460,24804,12778,21006,17992,11885,18263,17305,27962,31789
"09.26",12411,9410,8071,31075,33467,61614,14917,21935,31991,25263,24279,12411,20686,17452,11581,22182,18853,25971,31397
"09.27",11320,9206,11078,32396,34339,59567,15179,22443,30222,27872,23011,11320,20338,17178,12586,24233,18044,24390,32205
"09.28",10194,9211,11402,32991,33009,57641,14758,21141,30783,28350,22144,10194,19847,16410,14123,23540,16644,23323,31210
"09.29",11151,8255,9900,32351,31747,56626,14048,20780,31054,27436,22788,11151,21184,17247,15492,23339,15319,22007,29596
"09.30",13004,8378,10247,32696,31141,55767,14875,19795,28964,26843,23120,13004,23576,17201,13554,22292,14518,21460,29538
"10.01",16593,7457,10544,31934,30135,53808,16746,19238,26819,26017,21326,16593,23997,15523,12398,20854,13658,23027,30456
"10.02",16676,9299,11104,29717,29566,53475,18722,20843,24671,25024,20028,16676,22590,14090,12010,20531,14690,23924,29225
"10.03",17582,9694,9668,30351,28598,54003,20700,22556,25110,25384,21399,17582,20925,13454,12963,23523,14905,23181,29861
"10.04",19589,9730,9906,29440,29037,50562,19303,21751,22975,27960,21627,19589,19254,12495,12153,25307,13630,22119,28017
"10.05",19008,7095,9882,29741,29128,48286,18051,21185,24196,28817,19598,19008,17907,11812,13052,24183,12330,21555,27023
"10.06",18173,6244,8328,28371,28564,47007,16796,23034,24481,26535,17657,18173,17206,12036,13624,22808,11730,20424,26165
"10.07",18091,7083,8574,26721,27247,45472,16070,24054,22409,25235,15751,18091,18061,12572,11987,21118,11246,20913,27219
"10.08",18989,7394,10136,25701,26910,43656,16510,22244,19091,23473,14818,18989,18013,12087,12360,19373,11878,23660,27526
"10.09",19588,8400,9967,26314,26389,44842,17320,20163,19302,23960,14431,19588,18343,12617,12619,19600,13368,24810,26771
"10.10",19904,8245,9574,25651,29053,45574,15488,18863,17899,24133,14585,19904,16946,11804,12445,20326,13779,24575,24289
"10.11",18875,8020,10422,27360,29353,43551,13125,18663,16977,25707,15167,18875,15900,11071,13116,20480,12923,23141,22118
"10.12",18870,7582,10281,28275,28048,42970,12702,18364,19863,26519,14366,18870,15615,12279,14660,17601,13071,21847,20108
"10.13",19113,7334,10159,27565,25712,41721,12339,19972,20862,25285,12804,19113,16575,13780,15214,17600,13009,21024,20257
"10.14",19429,6068,9316,25704,24297,40239,11643,21176,19309,24228,12425,19429,17743,13884,14184,17060,13236,20057,21835
"10.15",21454,5809,10606,25109,23149,39913,13178,19544,18907,23703,13224,21454,17438,14037,13377,14862,14059,22093,22482
"10.16",21360,7443,10263,24923,23100,40668,13800,18039,18222,23264,14145,21360,18062,12352,12778,14583,15971,22952,20763
"10.17",22274,7465,10927,24785,23386,41786,12638,17448,18829,24232,15600,22274,16421,12614,12614,16925,17450,21252,20340
"10.18",21975,6938,10318,25757,23931,41174,11698,17607,19356,26388,16553,21975,15756,12740,13211,17191,16388,20155,20227
"10.19",21780,6905,10512,26655,21812,40533,11503,16519,22589,27031,16110,21780,16085,13443,15485,16080,15336,19051,20137
"10.20",21842,7542,9708,25850,20520,39204,11374,18156,23605,25357,15386,21842,17856,14701,17677,13674,14484,17907,21214
"10.21",22768,6493,10139,25798,19477,38835,10781,19041,22328,23676,16126,22768,18834,15432,17200,12529,13727,18014,22629
"10.22",24697,5968,11252,25024,18845,37910,10988,17423,21813,23383,16424,24697,19357,14620,16753,11555,14243,20315,23495
"10.23",25085,8345,11248,24535,18349,40394,11796,16688,21638,24199,16666,25085,18993,13764,16139,12227,15685,21335,22714
"10.24",25055,9226,11250,24563,19559,41250,10347,15483,21964,24773,19290,25055,18098,13063,16016,14845,16913,20852,22361
"10.25",24017,8762,11788,25687,20365,40724,10382,15368,22684,28266,21397,24017,17612,13175,16964,15260,15686,20560,22095
"10.26",23675,9611,11120,26637,19337,40319,10405,14772,26380,29276,22797,23675,17424,13394,18685,14221,15216,20690,22072
"10.27",22205,6797,10957,22538,16129,35636,8000,15709,27888,24378,18649,22205,14830,14060,18354,11144,12514,18447,20053
"10.28",22905,7382,10504,22772,16121,36233,9802,16775,27426,24691,19686,22905,17014,14601,17696,11785,12999,19953,21814
"10.29",25235,7101,12056,23058,15102,37137,11163,16272,27836,24429,19614,25235,17901,14774,17301,12644,14128,23093,23361
"10.30",26297,9105,11656,23183,13895,38811,11908,16415,28843,24856,20645,26297,18785,14375,16440,13084,15527,25224,23073
"10.31",26822,9295,12533,22655,13783,39990,11405,16031,29140,25489,23418,26822,18485,13684,16447,15297,16330,22433,22858
"11.01",26356,8819,12666,23017,14924,39568,11148,16491,27783,27379,24735,26356,17440,13250,15897,16506,15202,21679,21934
"11.02",26709,9331,12206,23321,14429,39985,10090,16178,30188,27922,24267,26709,16661,14518,17711,15681,14811,20885,21244
"11.03",25936,9484,11578,22317,14576,39699,10279,19338,30930,27297,23181,25936,17149,16692,18128,14696,14354,20953,20800
"11.04",26466,8806,11524,21607,13941,40392,10547,20391,29798,26085,22429,26466,18318,16988,17420,14160,13852,21139,22873
"11.05",27492,8616,11886,21031,14001,40258,12143,19011,28538,24855,21623,27492,18304,17708,15983,13825,14397,23130,24023
"11.06",27792,9444,11885,21259,14185,42490,13320,18501,29453,23907,20692,27792,17901,17057,14925,15230,15869,23502,22350
"11.07",26520,9615,11922,20586,15621,43422,12350,19256,30318,25325,21237,26520,16663,17085,14941,18201,17089,22976,21366
"11.08",25304,9523,11314,22336,16523,42687,12160,18163,31269,28032,21605,25304,15498,16915,14516,19940,16393,22565,20271
"11.09",24427,9468,11857,22810,16099,42293,13289,19182,33832,28544,21431,24427,15045,17951,16490,19329,15685,21844,19515
"11.10",23029,9314,12358,21658,15356,42544,13497,22119,34978,27567,19828,23029,14664,20109,16691,18386,15282,21184,19767
"11.11",22559,9330,11688,20642,16347,42250,14101,23203,34370,26422,20012,22559,16888,20321,15831,17382,14880,21166,22492
"11.12",24245,9327,12130,20324,17403,41276,15487,22377,34367,26662,20191,24245,16807,20773,14762,17025,15033,23350,23157
"11.13",24530,9355,11613,20441,18116,43242,16711,21883,34352,26915,20352,24530,16916,20462,15222,16993,16764,24285,22057
"11.14",22767,8406,11441,20872,20229,44315,17547,21011,33260,27928,21175,22767,15656,21823,15849,18730,17048,23049,20979
"11.15",21616,7746,10911,20801,20729,42395,17498,21644,33006,30778,21946,21616,15799,21623,16025,19335,15898,22016,19688
"11.16",22274,6895,11600,21082,22241,40659,18394,21865,35829,31390,20973,22274,15917,22338,18244,18283,14757,21230,18673
"11.17",21697,7523,10897,21309,23513,40510,18911,24438,37407,30640,19323,21697,15607,24035,18374,16642,14104,19706,18747
"11.18",21466,6416,11120,20401,25643,39534,19146,25693,37168,29996,18742,21466,17251,24793,17773,15187,13697,19785,20773
"11.19",22277,5901,11986,22364,27791,39858,21220,24987,37313,30310,19504,22277,17582,24752,17277,13445,14996,21962,21694
"11.20",24075,6995,11616,23036,30108,41886,23037,25098,37137,31432,19690,24075,17627,23800,17566,14245,16773,22847,20634
"11.21",24036,6746,11304,23680,32375,42863,23189,26320,38456,31608,21259,24036,16802,22533,18603,16408,17991,22460,19778
"11.22",22448,7166,11057,24817,32909,42030,22948,26719,38894,33443,22104,22448,16199,22298,19267,17059,17441,21804,19311
"11.23",21929,6630,12480,25342,35171,40066,22796,27576,41653,34005,22909,21929,15845,23207,20980,16860,17045,21212,18845
"11.24",22899,7450,12104,25939,35982,39912,22897,30178,42556,32623,21990,22899,17221,25480,21991,16080,16036,21097,19225
"11.25",23412,6296,11803,25896,36500,40341,23509,31011,42129,32705,22229,23412,18261,25703,22649,15063,16098,22442,21403
"11.26",24933,5868,13434,27242,38356,40787,24817,30767,42082,32127,21680,24933,18904,25609,22218,14063,17591,25053,22521
"11.27",24926,7452,13134,27161,38973,41192,26353,30771,42100,33334,22244,24926,20153,25234,22193,13388,20535,26648,22097
"11.28",26096,8188,14149,28098,40270,40959,26590,31309,42543,33372,23882,26096,20155,25834,22089,14845,21678,26099,21221
"11.29",26338,7920,13937,27789,41174,41116,26170,31734,41994,36095,25087,26338,19991,26563,22998,15232,21528,25099,21152
"11.30",26959,8745,14106,28713,42437,41138,25334,33718,44695,37204,24817,26959,20009,27822,25032,14433,20175,25349,20884
"12.01",26880,8735,13765,28600,41979,40439,24955,35531,45510,35923,23945,26880,20593,28909,24783,13964,19758,24911,21389
"12.02",26871,6961,13261,27778,42100,39670,23691,36136,43836,35013,21959,26871,21409,29114,23753,13302,19596,24640,23428
"12.03",28512,6847,13331,27456,41519,38220,24477,34015,42026,33225,19642,28512,21222,28285,22210,13131,19491,26428,24553
"12.04",28766,8689,12896,26007,40863,39018,25677,33024,39766,31387,17937,28766,20533,27322,21459,13262,20831,27487,23420
"12.05",27397,9300,12612,24062,41361,39638,23513,30926,38964,30185,19173,27397,19368,25860,20737,15086,21851,25830,22447
"12.06",25671,8558,11597,23328,41724,37773,21701,28203,36883,32356,19521,25671,18132,25571,20177,15678,21062,23838,21005
"12.07",24117,8300,11147,24187,40746,36038,19865,25739,39473,33254,18713,24117,17313,24742,21426,13946,20177,22406,20303
"12.08",23120,8321,11452,23693,39527,34282,17843,27149,39774,31446,17219,23120,17175,26311,22014,12312,19390,21434,20432
"12.09",22303,7884,11195,21251,37796,32124,16005,28011,36807,28669,16248,22303,17876,26250,20852,11332,18831,21563,22003
"12.10",23278,7483,11296,19992,36659,31654,17577,25709,34559,27039,14772,23278,18284,25044,19842,10270,19384,23347,23024
"12.11",23616,10089,10451,19121,35899,33530,18551,24033,32061,26261,15000,23616,17770,23678,18235,11064,21991,24441,21347
"12.12",23718,10460,11312,19069,36689,34392,16240,23146,31385,25492,15664,23718,16831,22121,17417,12707,23176,23441,20026
"12.13",22152,10567,12006,19088,37369,32816,15902,23170,31000,27494,15932,22152,16822,21628,18608,13451,23258,22218,19804
"12.14",21565,11257,11847,20039,37111,32841,15837,21990,33603,27863,15267,21565,18161,21298,19751,11968,22550,20894,20354
"12.15",21532,11403,10838,20806,35572,32640,15940,24903,34709,26708,14263,21532,18869,22389,20574,10477,22797,20103,21798
"12.16",22002,11055,10687,20751,34723,33926,15511,25626,33563,26758,13771,22002,20429,23030,20043,10292,22381,20397,24354
"12.17",23079,10493,12501,21629,36680,33839,17729,24803,33485,25408,14382,23079,20447,22216,19258,10110,23249,22679,25405
"12.18",23922,11742,13443,21664,36279,35584,19430,24703,32719,25682,14745,23922,20928,22052,19037,11216,25703,23670,25199
"12.19",23488,11535,10982,22680,36958,36388,19249,24494,32036,26477,15772,23488,21504,21084,18039,14300,27786,22686,23688
"12.20",22802,11425,12664,21634,37815,36668,19066,25084,32262,29305,16258,22802,20915,21248,19307,14785,27036,22209,23689
"12.21",22126,12697,13033,23239,37968,35689,18140,24769,34941,29867,16753,22126,21244,21220,20812,15117,26635,21395,23583
"12.22",21572,13907,12112,23560,39185,35976,19271,26879,36305,29235,15779,21572,22885,22919,21936,15565,26713,21427,24623
"12.23",21521,12995,11075,23475,39001,36833,19589,28221,35450,30123,15025,21521,25397,23515,22225,15875,26420,21768,26674
"12.24",23458,12489,13596,23891,39112,36527,22079,27931,35268,30075,15164,23458,25693,24358,22086,17357,27320,24857,28340
"12.25",23539,12252,11997,23947,38438,37265,22189,27827,35818,29328,14516,23539,25472,23427,21054,16606,27372,25064,27446
"12.26",23105,14777,12803,24049,40342,38727,21666,26624,34997,29604,16078,23105,26475,23139,21121,19698,29315,24922,27079
"12.27",22158,14308,12587,24481,40527,37347,21993,26494,35140,32753,16756,22158,27001,21502,21241,21281,29778,25208,25980
"12.28",22847,13868,12214,26008,40249,36778,21768,25096,37687,33668,16730,22847,27831,19749,23796,21506,30202,25888,25810
"12.29",23275,11740,11068,25071,39615,36078,19819,26969,39385,32668,16122,23275,25949,21995,25041,20930,30756,26418,25252
"12.30",22189,12798,10672,23111,37682,36077,18131,28205,36793,31655,15240,22189,28244,23353,25259,21233,31986,27000,27420
"12.31",23315,12180,10243,21084,34085,32697,19935,25835,36771,29778,14491,23315,29648,23026,23941,21097,31897,31060,29165
