"Donation Source(1)","Donation Source(2)",Gender,2005,2005,2005,2005,2005,2005,2005,2005,2005,2005,2005,2005,2005,2006,2006,2006,2006,2006,2006,2006,2006,2006,2006,2006,2006,2006,2007,2007,2007,2007,2007,2007,2007,2007,2007,2007,2007,2007,2007,2008,2008,2008,2008,2008,2008,2008,2008,2008,2008,2008,2008,2008,2009,2009,2009,2009,2009,2009,2009,2009,2009,2009,2009,2009,2009,2010,2010,2010,2010,2010,2010,2010,2010,2010,2010,2010,2010,2010,2011,2011,2011,2011,2011,2011,2011,2011,2011,2011,2011,2011,2011,2012,2012,2012,2012,2012,2012,2012,2012,2012,2012,2012,2012,2012,2013,2013,2013,2013,2013,2013,2013,2013,2013,2013,2013,2013,2013,2014,2014,2014,2014,2014,2014,2014,2014,2014,2014,2014,2014,2014,2015,2015,2015,2015,2015,2015,2015,2015,2015,2015,2015,2015,2015,2016,2016,2016,2016,2016,2016,2016,2016,2016,2016,2016,2016,2016,2017,2017,2017,2017,2017,2017,2017,2017,2017,2017,2017,2017,2017,2018,2018,2018,2018,2018,2018,2018,2018,2018,2018,2018,2018,2018,2019,2019,2019,2019,2019,2019,2019,2019,2019,2019,2019,2019,2019,2020,2020,2020,2020,2020,2020,2020,2020,2020,2020,2020,2020,2020,2021,2021,2021,2021,2021,2021,2021,2021,2021,2021,2021,2021,2021,2022,2022,2022,2022,2022,2022,2022,2022,2022,2022,2022,2022,2022,2023,2023,2023,2023,2023,2023,2023,2023,2023,2023,2023,2023,2023
"Donation Source(1)","Donation Source(2)",Gender,Total,16~19,16~19,20~29,20~29,30~39,30~39,40~49,40~49,50~59,50~59,Over 60,Over 60,Total,16~19,16~19,20~29,20~29,30~39,30~39,40~49,40~49,50~59,50~59,Over 60,Over 60,Total,16~19,16~19,20~29,20~29,30~39,30~39,40~49,40~49,50~59,50~59,Over 60,Over 60,Total,16~19,16~19,20~29,20~29,30~39,30~39,40~49,40~49,50~59,50~59,Over 60,Over 60,Total,16~19,16~19,20~29,20~29,30~39,30~39,40~49,40~49,50~59,50~59,Over 60,Over 60,Total,16~19,16~19,20~29,20~29,30~39,30~39,40~49,40~49,50~59,50~59,Over 60,Over 60,Total,16~19,16~19,20~29,20~29,30~39,30~39,40~49,40~49,50~59,50~59,Over 60,Over 60,Total,16~19,16~19,20~29,20~29,30~39,30~39,40~49,40~49,50~59,50~59,Over 60,Over 60,Total,16~19,16~19,20~29,20~29,30~39,30~39,40~49,40~49,50~59,50~59,Over 60,Over 60,Total,16~19,16~19,20~29,20~29,30~39,30~39,40~49,40~49,50~59,50~59,Over 60,Over 60,Total,16~19,16~19,20~29,20~29,30~39,30~39,40~49,40~49,50~59,50~59,Over 60,Over 60,Total,16~19,16~19,20~29,20~29,30~39,30~39,40~49,40~49,50~59,50~59,Over 60,Over 60,Total,16~19,16~19,20~29,20~29,30~39,30~39,40~49,40~49,50~59,50~59,Over 60,Over 60,Total,16~19,16~19,20~29,20~29,30~39,30~39,40~49,40~49,50~59,50~59,Over 60,Over 60,Total,16~19,16~19,20~29,20~29,30~39,30~39,40~49,40~49,50~59,50~59,Over 60,Over 60,Total,16~19,16~19,20~29,20~29,30~39,30~39,40~49,40~49,50~59,50~59,Over 60,Over 60,Total,16~19,16~19,20~29,20~29,30~39,30~39,40~49,40~49,50~59,50~59,Over 60,Over 60,Total,16~19,16~19,20~29,20~29,30~39,30~39,40~49,40~49,50~59,50~59,Over 60,Over 60,Total,16~19,16~19,20~29,20~29,30~39,30~39,40~49,40~49,50~59,50~59,Over 60,Over 60
"Donation Source(1)","Donation Source(2)",Gender,Donation Count,Donation Count,Composition Ratio (%),Donation Count,Composition Ratio (%),Donation Count,Composition Ratio (%),Donation Count,Composition Ratio (%),Donation Count,Composition Ratio (%),Donation Count,Composition Ratio (%),Donation Count,Donation Count,Composition Ratio (%),Donation Count,Composition Ratio (%),Donation Count,Composition Ratio (%),Donation Count,Composition Ratio (%),Donation Count,Composition Ratio (%),Donation Count,Composition Ratio (%),Donation Count,Donation Count,Composition Ratio (%),Donation Count,Composition Ratio (%),Donation Count,Composition Ratio (%),Donation Count,Composition Ratio (%),Donation Count,Composition Ratio (%),Donation Count,Composition Ratio (%),Donation Count,Donation Count,Composition Ratio (%),Donation Count,Composition Ratio (%),Donation Count,Composition Ratio (%),Donation Count,Composition Ratio (%),Donation Count,Composition Ratio (%),Donation Count,Composition Ratio (%),Donation Count,Donation Count,Composition Ratio (%),Donation Count,Composition Ratio (%),Donation Count,Composition Ratio (%),Donation Count,Composition Ratio (%),Donation Count,Composition Ratio (%),Donation Count,Composition Ratio (%),Donation Count,Donation Count,Composition Ratio (%),Donation Count,Composition Ratio (%),Donation Count,Composition Ratio (%),Donation Count,Composition Ratio (%),Donation Count,Composition Ratio (%),Donation Count,Composition Ratio (%),Donation Count,Donation Count,Composition Ratio (%),Donation Count,Composition Ratio (%),Donation Count,Composition Ratio (%),Donation Count,Composition Ratio (%),Donation Count,Composition Ratio (%),Donation Count,Composition Ratio (%),Donation Count,Donation Count,Composition Ratio (%),Donation Count,Composition Ratio (%),Donation Count,Composition Ratio (%),Donation Count,Composition Ratio (%),Donation Count,Composition Ratio (%),Donation Count,Composition Ratio (%),Donation Count,Donation Count,Composition Ratio (%),Donation Count,Composition Ratio (%),Donation Count,Composition Ratio (%),Donation Count,Composition Ratio (%),Donation Count,Composition Ratio (%),Donation Count,Composition Ratio (%),Donation Count,Donation Count,Composition Ratio (%),Donation Count,Composition Ratio (%),Donation Count,Composition Ratio (%),Donation Count,Composition Ratio (%),Donation Count,Composition Ratio (%),Donation Count,Composition Ratio (%),Donation Count,Donation Count,Composition Ratio (%),Donation Count,Composition Ratio (%),Donation Count,Composition Ratio (%),Donation Count,Composition Ratio (%),Donation Count,Composition Ratio (%),Donation Count,Composition Ratio (%),Donation Count,Donation Count,Composition Ratio (%),Donation Count,Composition Ratio (%),Donation Count,Composition Ratio (%),Donation Count,Composition Ratio (%),Donation Count,Composition Ratio (%),Donation Count,Composition Ratio (%),Donation Count,Donation Count,Composition Ratio (%),Donation Count,Composition Ratio (%),Donation Count,Composition Ratio (%),Donation Count,Composition Ratio (%),Donation Count,Composition Ratio (%),Donation Count,Composition Ratio (%),Donation Count,Donation Count,Composition Ratio (%),Donation Count,Composition Ratio (%),Donation Count,Composition Ratio (%),Donation Count,Composition Ratio (%),Donation Count,Composition Ratio (%),Donation Count,Composition Ratio (%),Donation Count,Donation Count,Composition Ratio (%),Donation Count,Composition Ratio (%),Donation Count,Composition Ratio (%),Donation Count,Composition Ratio (%),Donation Count,Composition Ratio (%),Donation Count,Composition Ratio (%),Donation Count,Donation Count,Composition Ratio (%),Donation Count,Composition Ratio (%),Donation Count,Composition Ratio (%),Donation Count,Composition Ratio (%),Donation Count,Composition Ratio (%),Donation Count,Composition Ratio (%),Donation Count,Donation Count,Composition Ratio (%),Donation Count,Composition Ratio (%),Donation Count,Composition Ratio (%),Donation Count,Composition Ratio (%),Donation Count,Composition Ratio (%),Donation Count,Composition Ratio (%),Donation Count,Donation Count,Composition Ratio (%),Donation Count,Composition Ratio (%),Donation Count,Composition Ratio (%),Donation Count,Composition Ratio (%),Donation Count,Composition Ratio (%),Donation Count,Composition Ratio (%),Donation Count,Donation Count,Composition Ratio (%),Donation Count,Composition Ratio (%),Donation Count,Composition Ratio (%),Donation Count,Composition Ratio (%),Donation Count,Composition Ratio (%),Donation Count,Composition Ratio (%)
"Total","Subtotal",Men+Women,2274336,707262,31.1,1159926,51.0,283952,12.5,96611,4.2,24713,1.1,1872,0.1,2302542,760145,33.0,1137053,49.4,268633,11.7,106212,4.6,28333,1.2,2166,0.1,2087762,735107,35.2,954008,45.7,265217,12.7,102395,4.9,28682,1.4,2353,0.1,2347184,851751,36.3,1041009,44.4,296688,12.6,118905,5.1,35559,1.5,3272,0.1,2569954,897580,34.9,1136624,44.2,337950,13.2,148308,5.8,45440,1.8,4052,0.2,2664492,1029544,38.6,1094217,41.1,334406,12.6,151655,5.7,49342,1.9,5328,0.2,2616575,1058853,40.5,1025877,39.2,319345,12.2,154147,5.9,52259,2.0,6094,0.2,2722608,1048434,38.5,1094929,40.2,343187,12.6,169990,6.2,58730,2.2,7338,0.3,2914483,1058704,36.3,1231995,42.3,361414,12.4,187295,6.4,65933,2.3,9142,0.3,3053425,1074104,35.2,1308491,42.9,373562,12.2,211787,6.9,74625,2.4,10856,0.4,3082918,1048941,34.0,1325606,43.0,372243,12.1,237284,7.7,85267,2.8,13577,0.4,2866330,922574,32.2,1170314,40.8,387916,13.5,269853,9.4,99270,3.5,16403,0.6,2928670,913903,31.2,1166805,39.8,414103,14.1,300142,10.2,113927,3.9,19790,0.7,2883270,853433,29.6,1119821,38.8,427926,14.8,328103,11.4,130933,4.5,23054,0.8,2791092,800321,28.7,1017604,36.5,431188,15.4,358446,12.8,155645,5.6,27888,1.0,2611401,509626,19.5,945115,36.2,450991,17.3,445991,17.1,222222,8.5,37456,1.4,2604437,544176,20.9,918066,35.3,423354,16.3,440457,16.9,235723,9.1,42661,1.6,2649007,462186,17.4,970120,36.6,439078,16.6,463883,17.5,262920,9.9,50820,1.9,2776291,503624,18.1,1024621,36.9,448166,16.1,474966,17.1,272060,9.8,52854,1.9
"Total","Subtotal",Men,1831613,490644,26.8,980749,53.5,254139,13.9,82872,4.5,21565,1.2,1644,0.1,1792038,501962,28.0,938635,52.4,234111,13.1,90677,5.1,24692,1.4,1961,0.1,1592279,475060,29.8,771736,48.5,231187,14.5,87263,5.5,24894,1.6,2139,0.1,1741192,534550,30.7,818822,47.0,254062,14.6,100165,5.8,30631,1.8,2962,0.2,1879517,549332,29.2,875514,46.6,286774,15.3,124944,6.6,39372,2.1,3581,0.2,1898213,621053,32.7,822882,43.4,280640,14.8,126567,6.7,42322,2.2,4749,0.3,1824531,629850,34.5,754234,41.3,263066,14.4,127169,7.0,44770,2.5,5442,0.3,1905688,627312,32.9,802552,42.1,280490,14.7,139048,7.3,49849,2.6,6437,0.3,2035857,615494,30.2,909256,44.7,294314,14.5,152978,7.5,55837,2.7,7978,0.4,2137369,622855,29.1,969873,45.4,301253,14.1,171394,8.0,62534,2.9,9460,0.4,2165411,612221,28.3,983085,45.4,297747,13.8,189900,8.8,70750,3.3,11708,0.5,2066926,568717,27.5,883384,42.7,305442,14.8,214026,10.4,81282,3.9,14075,0.7,2132241,567124,26.6,892063,41.8,326396,15.3,237337,11.1,92589,4.3,16732,0.8,2106912,528634,25.1,859269,40.8,336005,15.9,258263,12.3,105572,5.0,19169,0.9,2036566,496305,24.4,774306,38.0,338054,16.6,281087,13.8,123939,6.1,22875,1.1,1916444,318402,16.6,705657,36.8,343822,17.9,343320,17.9,174810,9.1,30433,1.6,1895131,348994,18.4,672591,35.5,320270,16.9,335491,17.7,183384,9.7,34401,1.8,1876184,294300,15.7,689794,36.8,319915,17.1,340897,18.2,192894,10.3,38384,2.0,2008892,335001,16.7,744146,37.0,330019,16.4,354878,17.7,203641,10.1,41207,2.1
"Total","Subtotal",Women,442723,216618,48.9,179177,40.5,29813,6.7,13739,3.1,3148,0.7,228,0.1,510504,258183,50.6,198418,38.9,34522,6.8,15535,3.0,3641,0.7,205,-,495483,260047,52.5,182272,36.8,34030,6.9,15132,3.1,3788,0.8,214,-,605992,317201,52.3,222187,36.7,42626,7.0,18740,3.1,4928,0.8,310,0.1,690437,348248,50.4,261110,37.8,51176,7.4,23364,3.4,6068,0.9,471,0.1,766279,408491,53.3,271335,35.4,53766,7.0,25088,3.3,7020,0.9,579,0.1,792044,429003,54.2,271643,34.3,56279,7.1,26978,3.4,7489,0.9,652,0.1,816920,421122,51.5,292377,35.8,62697,7.7,30942,3.8,8881,1.1,901,0.1,878626,443210,50.4,322739,36.7,67100,7.6,34317,3.9,10096,1.1,1164,0.1,916056,451249,49.3,338618,37.0,72309,7.9,40393,4.4,12091,1.3,1396,0.2,917507,436720,47.6,342521,37.3,74496,8.1,47384,5.2,14517,1.6,1869,0.2,799404,353857,44.3,286930,35.9,82474,10.3,55827,7.0,17988,2.3,2328,0.3,796429,346779,43.5,274742,34.5,87707,11.0,62805,7.9,21338,2.7,3058,0.4,776358,324799,41.8,260552,33.6,91921,11.8,69840,9.0,25361,3.3,3885,0.5,754526,304016,40.3,243298,32.2,93134,12.3,77359,10.3,31706,4.2,5013,0.7,694957,191224,27.5,239458,34.5,107169,15.4,102671,14.8,47412,6.8,7023,1.0,709306,195182,27.5,245475,34.6,103084,14.5,104966,14.8,52339,7.4,8260,1.2,772823,167886,21.7,280326,36.3,119163,15.4,122986,15.9,70026,9.1,12436,1.6,767399,168623,22.0,280475,36.5,118147,15.4,120088,15.6,68419,8.9,11647,1.5
"Korean Red Cross","Subtotal",Men+Women,2223636,698597,31.4,1133547,51.0,273032,12.3,92702,4.2,23922,1.1,1836,0.1,2250603,750951,33.4,1110223,49.3,257409,11.4,102352,4.5,27547,1.2,2121,0.1,2028684,718835,35.4,926597,45.7,254998,12.6,98254,4.8,27705,1.4,2295,0.1,2265592,827189,36.5,1003958,44.3,283857,12.5,113426,5.0,33981,1.5,3181,0.1,2461880,863443,35.1,1085793,44.1,322287,13.1,142577,5.8,43837,1.8,3943,0.2,2514699,974759,38.8,1028582,40.9,314950,12.5,144205,5.7,47093,1.9,5110,0.2,2448516,993913,40.6,955789,39.0,297186,12.1,145933,6.0,49841,2.0,5854,0.2,2542495,979285,38.5,1023235,40.2,318098,12.5,159228,6.3,55626,2.2,7023,0.3,2708173,981978,36.3,1147317,42.4,333204,12.3,174766,6.5,62150,2.3,8758,0.3,2844538,997296,35.1,1223228,43.0,344943,12.1,198315,7.0,70386,2.5,10370,0.4,2872156,976061,34.0,1238298,43.1,342736,11.9,221583,7.7,80624,2.8,12854,0.4,2645181,848826,32.1,1082396,40.9,354637,13.4,250646,9.5,93195,3.5,15481,0.6,2714819,848698,31.3,1082833,39.9,379551,14.0,278326,10.3,106769,3.9,18642,0.7,2681611,794647,29.6,1046323,39.0,392698,14.6,303575,11.3,122562,4.6,21806,0.8,2613901,756107,28.9,955947,36.6,396869,15.2,332103,12.7,146380,5.6,26495,1.0,2435210,479602,19.7,889006,36.5,413734,17.0,410344,16.9,206998,8.5,35526,1.5,2426779,513107,21.1,861454,35.5,388637,16.0,404927,16.7,218406,9.0,40248,1.7,2445003,433991,17.8,902386,36.9,399517,16.3,420321,17.2,241132,9.9,47656,1.9,2541446,471161,18.5,946440,37.2,404615,15.9,423570,16.7,246672,9.7,48988,1.9
"Korean Red Cross","Subtotal",Men,1789525,483940,27.0,958694,53.6,244660,13.7,79682,4.5,20935,1.2,1614,0.1,1748275,494791,28.3,915791,52.4,224238,12.8,87469,5.0,24064,1.4,1922,0.1,1545871,463261,30.0,750084,48.5,222455,14.4,83881,5.4,24101,1.6,2089,0.1,1677795,517117,30.8,789826,47.1,243034,14.5,95608,5.7,29334,1.7,2876,0.2,1799095,526604,29.3,837795,46.6,273250,15.2,119978,6.7,37988,2.1,3480,0.2,1797670,589096,32.8,778251,43.3,264826,14.7,120455,6.7,40499,2.3,4543,0.3,1717257,594240,34.6,709042,41.3,245284,14.3,120647,7.0,42821,2.5,5223,0.3,1790590,589139,32.9,757311,42.3,260399,14.5,130296,7.3,47290,2.6,6155,0.3,1909293,576059,30.2,856997,44.9,272427,14.3,143240,7.5,52904,2.8,7666,0.4,2007168,582998,29.0,915631,45.6,279340,13.9,160917,8.0,59221,3.0,9061,0.5,2029746,573228,28.2,926104,45.6,274666,13.5,177516,8.7,67116,3.3,11116,0.5,1926108,529536,27.5,826322,42.9,280741,14.6,199560,10.4,76605,4.0,13344,0.7,1988861,530729,26.7,834314,41.9,300437,15.1,220596,11.1,86972,4.4,15813,0.8,1972773,497040,25.2,809306,41.0,309667,15.7,239577,12.1,98995,5.0,18188,0.9,1909232,469694,24.6,729930,38.2,311135,16.3,260254,13.6,116474,6.1,21745,1.1,1793118,301200,16.8,668020,37.3,315820,17.6,316336,17.6,162878,9.1,28864,1.6,1771956,331095,18.7,635567,35.9,294067,16.6,308646,17.4,170057,9.6,32524,1.8,1735122,278304,16.0,645249,37.2,290761,16.8,308511,17.8,176374,10.2,35923,2.1,1845259,316031,17.1,692664,37.5,297898,16.1,316221,17.1,184272,10.0,38173,2.1
"Korean Red Cross","Subtotal",Women,434111,214657,49.4,174853,40.3,28372,6.5,13020,3.0,2987,0.7,222,0.1,502328,256160,51.0,194432,38.7,33171,6.6,14883,3.0,3483,0.7,199,-,482813,255574,52.9,176513,36.6,32543,6.7,14373,3.0,3604,0.7,206,-,587797,310072,52.8,214132,36.4,40823,6.9,17818,3.0,4647,0.8,305,0.1,662785,336839,50.8,247998,37.4,49037,7.4,22599,3.4,5849,0.9,463,0.1,717029,385663,53.8,250331,34.9,50124,7.0,23750,3.3,6594,0.9,567,0.1,731259,399673,54.7,246747,33.7,51902,7.1,25286,3.5,7020,1.0,631,0.1,751905,390146,51.9,265924,35.4,57699,7.7,28932,3.8,8336,1.1,868,0.1,798880,405919,50.8,290320,36.3,60777,7.6,31526,3.9,9246,1.2,1092,0.1,837370,414298,49.5,307597,36.7,65603,7.8,37398,4.5,11165,1.3,1309,0.2,842410,402833,47.8,312194,37.1,68070,8.1,44067,5.2,13508,1.6,1738,0.2,719073,319290,44.4,256074,35.6,73896,10.3,51086,7.1,16590,2.3,2137,0.3,725958,317969,43.8,248519,34.2,79114,10.9,57730,8.0,19797,2.7,2829,0.4,708838,297607,42.0,237017,33.4,83031,11.7,63998,9.0,23567,3.3,3618,0.5,704669,286413,40.6,226017,32.1,85734,12.2,71849,10.2,29906,4.2,4750,0.7,642092,178402,27.8,220986,34.4,97914,15.2,94008,14.6,44120,6.9,6662,1.0,654823,182012,27.8,225887,34.5,94570,14.4,96281,14.7,48349,7.4,7724,1.2,709881,155687,21.9,257137,36.2,108756,15.3,111810,15.8,64758,9.1,11733,1.7,696187,155130,22.3,253776,36.5,106717,15.3,107349,15.4,62400,9.0,10815,1.6
"Korean Red Cross","Central Seoul",Men+Women,210606,47506,22.6,129942,61.7,22747,10.8,7885,3.7,2317,1.1,209,0.1,222081,54983,24.8,129459,58.3,25851,11.6,8955,4.0,2626,1.2,207,0.1,187792,53398,28.4,97567,52.0,25113,13.4,8798,4.7,2684,1.4,232,0.1,207970,58902,28.3,107396,51.6,28203,13.6,10061,4.8,3057,1.5,351,0.2,208524,61153,29.3,99617,47.8,30445,14.6,12821,6.1,3968,1.9,520,0.2,251331,87197,34.7,107723,42.9,35631,14.2,15233,6.1,4815,1.9,732,0.3,-,-,-,-,-,-,-,-,-,-,-,-,-,-,-,-,-,-,-,-,-,-,-,-,-,-,-,-,-,-,-,-,-,-,-,-,-,-,-,-,-,-,-,-,-,-,-,-,-,-,-,-,-,-,-,-,-,-,-,-,-,-,-,-,-,-,-,-,-,-,-,-,-,-,-,-,-,-,-,-,-,-,-,-,-,-,-,-,-,-,-,266577,60318,22.6,112506,42.2,45458,17.1,32565,12.2,12952,4.9,2778,1.0,251035,53737,21.4,100468,40.0,44972,17.9,33505,13.3,14970,6.0,3383,1.3,222024,33124,14.9,83030,37.4,45088,20.3,37398,16.8,19411,8.7,3973,1.8,216484,32344,14.9,78759,36.4,42802,19.8,37632,17.4,20552,9.5,4395,2.0,223617,28728,12.8,85630,38.3,44021,19.7,38069,17.0,22215,9.9,4954,2.2,234465,33217,14.2,91037,38.8,44028,18.8,37909,16.2,23204,9.9,5070,2.2
"Korean Red Cross","Central Seoul",Men,169824,31241,18.4,110065,64.8,19642,11.6,6716,4.0,1974,1.2,186,0.1,174506,36196,20.7,105762,60.6,22302,12.8,7741,4.4,2316,1.3,189,0.1,137432,31768,23.1,74268,54.0,21349,15.5,7537,5.5,2304,1.7,206,0.1,147237,33496,22.7,79020,53.7,23223,15.8,8554,5.8,2628,1.8,316,0.2,147925,35424,23.9,72902,49.3,24805,16.8,10906,7.4,3453,2.3,435,0.3,172472,50237,29.1,75920,44.0,28883,16.7,12745,7.4,4059,2.4,628,0.4,-,-,-,-,-,-,-,-,-,-,-,-,-,-,-,-,-,-,-,-,-,-,-,-,-,-,-,-,-,-,-,-,-,-,-,-,-,-,-,-,-,-,-,-,-,-,-,-,-,-,-,-,-,-,-,-,-,-,-,-,-,-,-,-,-,-,-,-,-,-,-,-,-,-,-,-,-,-,-,-,-,-,-,-,-,-,-,-,-,-,-,195481,36260,18.5,85725,43.9,35174,18.0,25615,13.1,10391,5.3,2316,1.2,182916,32574,17.8,75678,41.4,34284,18.7,25887,14.2,11698,6.4,2795,1.5,157832,19752,12.5,58255,36.9,32979,20.9,28475,18.0,15143,9.6,3228,2.0,155322,20789,13.4,55630,35.8,31211,20.1,28256,18.2,15839,10.2,3597,2.3,155262,18738,12.1,58065,37.4,30530,19.7,27722,17.9,16412,10.6,3795,2.4,165697,21891,13.2,63989,38.6,30858,18.6,27618,16.7,17300,10.4,4041,2.4
"Korean Red Cross","Central Seoul",Women,40782,16265,39.9,19877,48.7,3105,7.6,1169,2.9,343,0.8,23,0.1,47575,18787,39.5,23697,49.8,3549,7.5,1214,2.6,310,0.7,18,-,50360,21630,43.0,23299,46.3,3764,7.5,1261,2.5,380,0.8,26,0.1,60733,25406,41.8,28376,46.7,4980,8.2,1507,2.5,429,0.7,35,0.1,60599,25729,42.5,26715,44.1,5640,9.3,1915,3.2,515,0.8,85,0.1,78859,36960,46.9,31803,40.3,6748,8.6,2488,3.2,756,1.0,104,0.1,-,-,-,-,-,-,-,-,-,-,-,-,-,-,-,-,-,-,-,-,-,-,-,-,-,-,-,-,-,-,-,-,-,-,-,-,-,-,-,-,-,-,-,-,-,-,-,-,-,-,-,-,-,-,-,-,-,-,-,-,-,-,-,-,-,-,-,-,-,-,-,-,-,-,-,-,-,-,-,-,-,-,-,-,-,-,-,-,-,-,-,71096,24058,33.8,26781,37.7,10284,14.5,6950,9.8,2561,3.6,462,0.6,68119,21163,31.1,24790,36.4,10688,15.7,7618,11.2,3272,4.8,588,0.9,64192,13372,20.8,24775,38.6,12109,18.9,8923,13.9,4268,6.6,745,1.2,61162,11555,18.9,23129,37.8,11591,19.0,9376,15.3,4713,7.7,798,1.3,68355,9990,14.6,27565,40.3,13491,19.7,10347,15.1,5803,8.5,1159,1.7,68768,11326,16.5,27048,39.3,13170,19.2,10291,15.0,5904,8.6,1029,1.5
"Korean Red Cross","Western Seoul",Men+Women,133579,36944,27.7,70382,52.7,18518,13.9,6044,4.5,1576,1.2,115,0.1,138596,43239,31.2,67165,48.5,19262,13.9,6861,5.0,1902,1.4,167,0.1,154934,49811,32.1,72280,46.7,22769,14.7,7637,4.9,2192,1.4,245,0.2,170843,54135,31.7,80356,47.0,24817,14.5,8560,5.0,2565,1.5,410,0.2,193223,57219,29.6,89798,46.5,30948,16.0,11482,5.9,3357,1.7,419,0.2,89734,26858,29.9,41472,46.2,13993,15.6,5478,6.1,1697,1.9,236,0.3,271598,98680,36.3,110578,40.7,38205,14.1,17533,6.5,5770,2.1,832,0.3,283170,97979,34.6,117919,41.6,41286,14.6,18801,6.6,6240,2.2,945,0.3,302603,96827,32.0,133765,44.2,42618,14.1,21001,6.9,7155,2.4,1237,0.4,334796,107533,32.1,148833,44.5,45453,13.6,23446,7.0,8084,2.4,1447,0.4,332287,98926,29.8,148674,44.7,45847,13.8,27293,8.2,9674,2.9,1873,0.6,291236,76245,26.2,127962,43.9,45119,15.5,29146,10.0,10667,3.7,2097,0.7,277348,70569,25.4,117070,42.2,44353,16.0,31365,11.3,11604,4.2,2387,0.9,-,-,-,-,-,-,-,-,-,-,-,-,-,-,-,-,-,-,-,-,-,-,-,-,-,-,-,-,-,-,-,-,-,-,-,-,-,-,-,-,-,-,-,-,-,-,-,-,-,-,-,-,-,-,-,-,-,-,-,-,-,-,-,-,-,-,-,-,-,-,-,-,-,-,-,-,-,-
"Korean Red Cross","Western Seoul",Men,113857,28189,24.8,61835,54.3,16888,14.8,5436,4.8,1401,1.2,108,0.1,114093,31765,27.8,57228,50.2,17157,15.0,6101,5.3,1690,1.5,152,0.1,117615,32510,27.6,56757,48.3,19644,16.7,6550,5.6,1929,1.6,225,0.2,127664,34641,27.1,62409,48.9,20759,16.3,7253,5.7,2222,1.7,380,0.3,142694,35883,25.1,68072,47.7,25705,18.0,9731,6.8,2932,2.1,371,0.3,65259,16765,25.7,30584,46.9,11544,17.7,4680,7.2,1474,2.3,212,0.3,179077,54005,30.2,74650,41.7,30302,16.9,14489,8.1,4907,2.7,724,0.4,191971,56588,29.5,81244,42.3,32643,17.0,15411,8.0,5262,2.7,823,0.4,209828,55402,26.4,96517,46.0,33539,16.0,17208,8.2,6107,2.9,1055,0.5,234946,63623,27.1,108099,46.0,35853,15.3,19198,8.2,6895,2.9,1278,0.5,231660,56713,24.5,107908,46.6,35545,15.3,21877,9.4,8016,3.5,1601,0.7,210930,46928,22.2,95868,45.5,34530,16.4,23065,10.9,8723,4.1,1816,0.9,201838,43565,21.6,88114,43.7,34111,16.9,24650,12.2,9335,4.6,2063,1.0,-,-,-,-,-,-,-,-,-,-,-,-,-,-,-,-,-,-,-,-,-,-,-,-,-,-,-,-,-,-,-,-,-,-,-,-,-,-,-,-,-,-,-,-,-,-,-,-,-,-,-,-,-,-,-,-,-,-,-,-,-,-,-,-,-,-,-,-,-,-,-,-,-,-,-,-,-,-
"Korean Red Cross","Western Seoul",Women,19722,8755,44.4,8547,43.3,1630,8.3,608,3.1,175,0.9,7,-,24503,11474,46.8,9937,40.6,2105,8.6,760,3.1,212,0.9,15,0.1,37319,17301,46.4,15523,41.6,3125,8.4,1087,2.9,263,0.7,20,0.1,43179,19494,45.1,17947,41.6,4058,9.4,1307,3.0,343,0.8,30,0.1,50529,21336,42.2,21726,43.0,5243,10.4,1751,3.5,425,0.8,48,0.1,24475,10093,41.2,10888,44.5,2449,10.0,798,3.3,223,0.9,24,0.1,92521,44675,48.3,35928,38.8,7903,8.5,3044,3.3,863,0.9,108,0.1,91199,41391,45.4,36675,40.2,8643,9.5,3390,3.7,978,1.1,122,0.1,92775,41425,44.7,37248,40.1,9079,9.8,3793,4.1,1048,1.1,182,0.2,99850,43910,44.0,40734,40.8,9600,9.6,4248,4.3,1189,1.2,169,0.2,100627,42213,41.9,40766,40.5,10302,10.2,5416,5.4,1658,1.6,272,0.3,80306,29317,36.5,32094,40.0,10589,13.2,6081,7.6,1944,2.4,281,0.3,75510,27004,35.8,28956,38.3,10242,13.6,6715,8.9,2269,3.0,324,0.4,-,-,-,-,-,-,-,-,-,-,-,-,-,-,-,-,-,-,-,-,-,-,-,-,-,-,-,-,-,-,-,-,-,-,-,-,-,-,-,-,-,-,-,-,-,-,-,-,-,-,-,-,-,-,-,-,-,-,-,-,-,-,-,-,-,-,-,-,-,-,-,-,-,-,-,-,-,-
"Korean Red Cross","Southern Seoul",Men+Women,180865,41514,23.0,103952,57.5,24056,13.3,8442,4.7,2658,1.5,243,0.1,189797,45105,23.8,103933,54.8,27770,14.6,9691,5.1,2977,1.6,321,0.2,172800,41519,24.0,92308,53.4,26398,15.3,9348,5.4,2919,1.7,308,0.2,187157,44241,23.6,97854,52.3,29975,16.0,11065,5.9,3599,1.9,423,0.2,208521,48222,23.1,109288,52.4,33290,16.0,13065,6.3,4194,2.0,462,0.2,220212,58349,26.5,110154,50.0,33940,15.4,13102,5.9,4112,1.9,555,0.3,217957,57195,26.2,107446,49.3,33991,15.6,14098,6.5,4521,2.1,706,0.3,228981,57057,24.9,113620,49.6,37016,16.2,15586,6.8,4842,2.1,860,0.4,235251,55479,23.6,118475,50.4,37794,16.1,17107,7.3,5394,2.3,1002,0.4,229574,54514,23.7,114109,49.7,36019,15.7,17967,7.8,5816,2.5,1149,0.5,224175,50278,22.4,113115,50.5,34192,15.3,18782,8.4,6550,2.9,1258,0.6,227144,48762,21.5,107629,47.4,37750,16.6,23411,10.3,7964,3.5,1628,0.7,246596,54123,21.9,113174,45.9,41030,16.6,26782,10.9,9455,3.8,2032,0.8,230499,46764,20.3,101874,44.2,40915,17.8,28120,12.2,10545,4.6,2281,1.0,214734,41723,19.4,87990,41.0,40653,18.9,29409,13.7,12346,5.7,2613,1.2,190301,22090,11.6,78975,41.5,38854,20.4,31865,16.7,15613,8.2,2904,1.5,176386,20545,11.6,68878,39.0,36066,20.4,31080,17.6,16640,9.4,3177,1.8,181841,20759,11.4,70571,38.8,36851,20.3,31946,17.6,17969,9.9,3745,2.1,196256,27128,13.8,75416,38.4,37939,19.3,32737,16.7,19021,9.7,4015,2.0
"Korean Red Cross","Southern Seoul",Men,149974,29271,19.5,89573,59.7,21314,14.2,7303,4.9,2296,1.5,217,0.1,151475,31366,20.7,84777,56.0,24215,16.0,8331,5.5,2487,1.6,299,0.2,136271,28251,20.7,74254,54.5,23019,16.9,8006,5.9,2458,1.8,283,0.2,143313,28697,20.0,76395,53.3,25557,17.8,9286,6.5,2999,2.1,379,0.3,154754,28994,18.7,82791,53.5,27974,18.1,11035,7.1,3549,2.3,411,0.3,161920,35807,22.1,82623,51.0,28381,17.5,11120,6.9,3491,2.2,498,0.3,160365,35827,22.3,79819,49.8,28226,17.6,11991,7.5,3857,2.4,645,0.4,166236,35419,21.3,82836,49.8,30203,18.2,13010,7.8,4038,2.4,730,0.4,172180,33996,19.7,87770,51.0,30835,17.9,14193,8.2,4525,2.6,861,0.5,170207,33932,19.9,85941,50.5,29410,17.3,15078,8.9,4858,2.9,988,0.6,165554,31072,18.8,85139,51.4,27477,16.6,15393,9.3,5414,3.3,1059,0.6,169319,31503,18.6,81817,48.3,29525,17.4,18801,11.1,6331,3.7,1342,0.8,185180,35391,19.1,87312,47.1,31889,17.2,21448,11.6,7518,4.1,1622,0.9,173905,30955,17.8,78871,45.4,31562,18.1,22311,12.8,8307,4.8,1899,1.1,160320,27756,17.3,66663,41.6,31117,19.4,23031,14.4,9657,6.0,2096,1.3,144323,15050,10.4,60097,41.6,29322,20.3,24961,17.3,12631,8.8,2262,1.6,132869,14614,11.0,51508,38.8,27033,20.3,24173,18.2,13111,9.9,2430,1.8,132872,14829,11.2,51132,38.5,26537,20.0,24176,18.2,13514,10.2,2684,2.0,147219,20110,13.7,56087,38.1,27713,18.8,25548,17.4,14656,10.0,3105,2.1
"Korean Red Cross","Southern Seoul",Women,30891,12243,39.6,14379,46.5,2742,8.9,1139,3.7,362,1.2,26,0.1,38322,13739,35.9,19156,50.0,3555,9.3,1360,3.5,490,1.3,22,0.1,36529,13268,36.3,18054,49.4,3379,9.3,1342,3.7,461,1.3,25,0.1,43844,15544,35.5,21459,48.9,4418,10.1,1779,4.1,600,1.4,44,0.1,53767,19228,35.8,26497,49.3,5316,9.9,2030,3.8,645,1.2,51,0.1,58292,22542,38.7,27531,47.2,5559,9.5,1982,3.4,621,1.1,57,0.1,57592,21368,37.1,27627,48.0,5765,10.0,2107,3.7,664,1.2,61,0.1,62745,21638,34.5,30784,49.1,6813,10.9,2576,4.1,804,1.3,130,0.2,63071,21483,34.1,30705,48.7,6959,11.0,2914,4.6,869,1.4,141,0.2,59367,20582,34.7,28168,47.4,6609,11.1,2889,4.9,958,1.6,161,0.3,58621,19206,32.8,27976,47.7,6715,11.5,3389,5.8,1136,1.9,199,0.3,57825,17259,29.8,25812,44.6,8225,14.2,4610,8.0,1633,2.8,286,0.5,61416,18732,30.5,25862,42.1,9141,14.9,5334,8.7,1937,3.2,410,0.7,56594,15809,27.9,23003,40.6,9353,16.5,5809,10.3,2238,4.0,382,0.7,54414,13967,25.7,21327,39.2,9536,17.5,6378,11.7,2689,4.9,517,1.0,45978,7040,15.3,18878,41.1,9532,20.7,6904,15.0,2982,6.5,642,1.4,43517,5931,13.6,17370,39.9,9033,20.8,6907,15.9,3529,8.1,747,1.7,48969,5930,12.1,19439,39.7,10314,21.1,7770,15.9,4455,9.1,1061,2.2,49037,7018,14.3,19329,39.4,10226,20.9,7189,14.7,4365,8.9,910,1.9
"Korean Red Cross","Eastern Seoul",Men+Women,195539,64525,33.0,101478,51.9,19083,9.8,7934,4.1,2299,1.2,220,0.1,200418,70736,35.3,93836,46.8,22904,11.4,9725,4.9,2938,1.5,279,0.1,181977,79135,43.5,70875,38.9,20697,11.4,8259,4.5,2803,1.5,208,0.1,198135,89669,45.3,74350,37.5,21533,10.9,9078,4.6,3247,1.6,258,0.1,213194,93342,43.8,79698,37.4,23807,11.2,11923,5.6,4093,1.9,331,0.2,248947,110509,44.4,87814,35.3,29287,11.8,15335,6.2,5352,2.1,650,0.3,265040,112833,42.6,94400,35.6,32272,12.2,18293,6.9,6350,2.4,892,0.3,276024,113570,41.1,101448,36.8,32932,11.9,19805,7.2,7135,2.6,1134,0.4,295350,109588,37.1,120945,40.9,34693,11.7,21001,7.1,7665,2.6,1458,0.5,315316,112848,35.8,132552,42.0,36156,11.5,23570,7.5,8474,2.7,1716,0.5,298738,100234,33.6,126356,42.3,35014,11.7,25519,8.5,9407,3.1,2208,0.7,273327,80247,29.4,115950,42.4,35597,13.0,28296,10.4,10726,3.9,2511,0.9,279786,83985,30.0,113252,40.5,36688,13.1,31064,11.1,12000,4.3,2797,1.0,279045,78378,28.1,109352,39.2,39287,14.1,34365,12.3,14436,5.2,3227,1.2,259856,68956,26.5,94578,36.4,39162,15.1,36692,14.1,16819,6.5,3649,1.4,231788,38497,16.6,91560,39.5,38341,16.5,38615,16.7,20598,8.9,4177,1.8,230555,36756,15.9,88706,38.5,37968,16.5,39253,17.0,23022,10.0,4850,2.1,238256,32302,13.6,90853,38.1,40094,16.8,41950,17.6,27102,11.4,5955,2.5,255780,36316,14.2,97911,38.3,42398,16.6,43884,17.2,28966,11.3,6305,2.5
"Korean Red Cross","Eastern Seoul",Men,158684,45885,28.9,88682,55.9,15810,10.0,6205,3.9,1910,1.2,192,0.1,150842,44189,29.3,77796,51.6,18773,12.4,7462,4.9,2364,1.6,258,0.2,127101,47320,37.2,54397,42.8,16743,13.2,6262,4.9,2188,1.7,191,0.2,134437,51614,38.4,56077,41.7,17091,12.7,6841,5.1,2600,1.9,214,0.2,141685,52568,37.1,57881,40.9,18591,13.1,9072,6.4,3286,2.3,287,0.2,162081,61110,37.7,61673,38.1,22646,14.0,11742,7.2,4327,2.7,583,0.4,171213,62716,36.6,64292,37.6,24172,14.1,13995,8.2,5241,3.1,797,0.5,181050,63804,35.2,70512,38.9,24902,13.8,15046,8.3,5781,3.2,1005,0.6,198140,59984,30.3,88018,44.4,26722,13.5,16021,8.1,6112,3.1,1283,0.6,213068,63058,29.6,96361,45.2,27773,13.0,17730,8.3,6639,3.1,1507,0.7,206563,56976,27.6,93613,45.3,27089,13.1,19471,9.4,7497,3.6,1917,0.9,195744,47668,24.4,88785,45.4,27133,13.9,21553,11.0,8420,4.3,2185,1.1,201327,50080,24.9,87711,43.6,28036,13.9,23787,11.8,9338,4.6,2375,1.2,201187,46981,23.4,84774,42.1,29667,14.7,26023,12.9,11091,5.5,2651,1.3,186199,40779,21.9,72061,38.7,29728,16.0,27882,15.0,12838,6.9,2911,1.6,171190,23630,13.8,70064,40.9,28715,16.8,29522,17.2,15949,9.3,3310,1.9,167635,22859,13.6,66136,39.5,28157,16.8,29299,17.5,17390,10.4,3794,2.3,166638,19366,11.6,64417,38.7,28581,17.2,30354,18.2,19509,11.7,4411,2.6,180698,22859,12.7,70622,39.1,30138,16.7,31644,17.5,20762,11.5,4673,2.6
"Korean Red Cross","Eastern Seoul",Women,36855,18640,50.6,12796,34.7,3273,8.9,1729,4.7,389,1.1,28,0.1,49576,26547,53.5,16040,32.4,4131,8.3,2263,4.6,574,1.2,21,-,54876,31815,58.0,16478,30.0,3954,7.2,1997,3.6,615,1.1,17,-,63698,38055,59.7,18273,28.7,4442,7.0,2237,3.5,647,1.0,44,0.1,71509,40774,57.0,21817,30.5,5216,7.3,2851,4.0,807,1.1,44,0.1,86866,49399,56.9,26141,30.1,6641,7.6,3593,4.1,1025,1.2,67,0.1,93827,50117,53.4,30108,32.1,8100,8.6,4298,4.6,1109,1.2,95,0.1,94974,49766,52.4,30936,32.6,8030,8.5,4759,5.0,1354,1.4,129,0.1,97210,49604,51.0,32927,33.9,7971,8.2,4980,5.1,1553,1.6,175,0.2,102248,49790,48.7,36191,35.4,8383,8.2,5840,5.7,1835,1.8,209,0.2,92175,43258,46.9,32743,35.5,7925,8.6,6048,6.6,1910,2.1,291,0.3,77583,32579,42.0,27165,35.0,8464,10.9,6743,8.7,2306,3.0,326,0.4,78459,33905,43.2,25541,32.6,8652,11.0,7277,9.3,2662,3.4,422,0.5,77858,31397,40.3,24578,31.6,9620,12.4,8342,10.7,3345,4.3,576,0.7,73657,28177,38.3,22517,30.6,9434,12.8,8810,12.0,3981,5.4,738,1.0,60598,14867,24.5,21496,35.5,9626,15.9,9093,15.0,4649,7.7,867,1.4,62920,13897,22.1,22570,35.9,9811,15.6,9954,15.8,5632,9.0,1056,1.7,71618,12936,18.1,26436,36.9,11513,16.1,11596,16.2,7593,10.6,1544,2.2,75082,13457,17.9,27289,36.3,12260,16.3,12240,16.3,8204,10.9,1632,2.2
"Korean Red Cross","Busan",Men+Women,213224,63337,29.7,109657,51.4,30528,14.3,7383,3.5,2152,1.0,167,0.1,212569,70725,33.3,108185,50.9,22830,10.7,8119,3.8,2514,1.2,196,0.1,189623,62136,32.8,90235,47.6,26749,14.1,7685,4.1,2571,1.4,247,0.1,210269,77697,37.0,91036,43.3,28976,13.8,9128,4.3,3179,1.5,253,0.1,216812,76152,35.1,94338,43.5,32161,14.8,10085,4.7,3798,1.8,278,0.1,233394,92779,39.8,93729,40.2,31840,13.6,10552,4.5,4097,1.8,397,0.2,217017,88802,40.9,86218,39.7,27260,12.6,10240,4.7,4097,1.9,400,0.2,218875,81648,37.3,92553,42.3,28261,12.9,11510,5.3,4419,2.0,484,0.2,230923,86239,37.3,100591,43.6,25527,11.1,13008,5.6,4891,2.1,667,0.3,235796,82400,34.9,105779,44.9,26128,11.1,14900,6.3,5771,2.4,818,0.3,238001,85423,35.9,103201,43.4,25581,10.7,16219,6.8,6475,2.7,1102,0.5,204844,69954,34.1,82141,40.1,26155,12.8,17823,8.7,7390,3.6,1381,0.7,215205,68611,31.9,83907,39.0,30881,14.3,20858,9.7,9060,4.2,1888,0.9,223597,68909,30.8,85500,38.2,32724,14.6,23509,10.5,10697,4.8,2258,1.0,213561,65107,30.5,77923,36.5,31172,14.6,24910,11.7,11900,5.6,2549,1.2,197302,44895,22.8,71958,36.5,31526,16.0,30392,15.4,15385,7.8,3146,1.6,194786,46708,24.0,70506,36.2,28814,14.8,29222,15.0,15999,8.2,3537,1.8,204171,40594,19.9,78175,38.3,31251,15.3,32002,15.7,17829,8.7,4320,2.1,205695,43863,21.3,78071,38.0,30094,14.6,31607,15.4,17822,8.7,4238,2.1
"Korean Red Cross","Busan",Men,163134,39611,24.3,87189,53.4,28024,17.2,6301,3.9,1860,1.1,149,0.1,160286,44939,28.0,86243,53.8,19898,12.4,6858,4.3,2165,1.4,183,0.1,147725,40879,27.7,73895,50.0,24027,16.3,6495,4.4,2198,1.5,231,0.2,157411,50059,31.8,71211,45.2,25647,16.3,7583,4.8,2684,1.7,227,0.1,160198,47231,29.5,72756,45.4,28349,17.7,8405,5.2,3237,2.0,220,0.1,167419,57570,34.4,69879,41.7,27678,16.5,8532,5.1,3448,2.1,312,0.2,150860,52908,35.1,62963,41.7,23105,15.3,8112,5.4,3448,2.3,324,0.2,152398,48760,32.0,67317,44.2,23258,15.3,9058,5.9,3631,2.4,374,0.2,156401,49745,31.8,71929,46.0,20103,12.9,10098,6.5,4001,2.6,525,0.3,156994,45358,28.9,75077,47.8,20092,12.8,11150,7.1,4656,3.0,661,0.4,158533,48798,30.8,71910,45.4,19553,12.3,12263,7.7,5126,3.2,883,0.6,143066,44058,30.8,58347,40.8,20214,14.1,13572,9.5,5758,4.0,1117,0.8,151757,42817,28.2,60373,39.8,24215,16.0,15870,10.5,6989,4.6,1493,1.0,156593,42584,27.2,61178,39.1,25486,16.3,17548,11.2,8071,5.2,1726,1.1,149783,40385,27.0,55765,37.2,23919,16.0,18834,12.6,8933,6.0,1947,1.3,138067,28138,20.4,49938,36.2,23435,17.0,22665,16.4,11447,8.3,2444,1.8,135511,30332,22.4,48071,35.5,21069,15.5,21569,15.9,11734,8.7,2736,2.0,138212,25956,18.8,52145,37.7,21754,15.7,22946,16.6,12315,8.9,3096,2.2,142395,29837,21.0,53420,37.5,20974,14.7,22594,15.9,12435,8.7,3135,2.2
"Korean Red Cross","Busan",Women,50090,23726,47.4,22468,44.9,2504,5.0,1082,2.2,292,0.6,18,-,52283,25786,49.3,21942,42.0,2932,5.6,1261,2.4,349,0.7,13,-,41898,21257,50.7,16340,39.0,2722,6.5,1190,2.8,373,0.9,16,-,52858,27638,52.3,19825,37.5,3329,6.3,1545,2.9,495,0.9,26,-,56614,28921,51.1,21582,38.1,3812,6.7,1680,3.0,561,1.0,58,0.1,65975,35209,53.4,23850,36.2,4162,6.3,2020,3.1,649,1.0,85,0.1,66157,35894,54.3,23255,35.2,4155,6.3,2128,3.2,649,1.0,76,0.1,66477,32888,49.5,25236,38.0,5003,7.5,2452,3.7,788,1.2,110,0.2,74522,36494,49.0,28662,38.5,5424,7.3,2910,3.9,890,1.2,142,0.2,78802,37042,47.0,30702,39.0,6036,7.7,3750,4.8,1115,1.4,157,0.2,79468,36625,46.1,31291,39.4,6028,7.6,3956,5.0,1349,1.7,219,0.3,61778,25896,41.9,23794,38.5,5941,9.6,4251,6.9,1632,2.6,264,0.4,63448,25794,40.7,23534,37.1,6666,10.5,4988,7.9,2071,3.3,395,0.6,67004,26325,39.3,24322,36.3,7238,10.8,5961,8.9,2626,3.9,532,0.8,63778,24722,38.8,22158,34.7,7253,11.4,6076,9.5,2967,4.7,602,0.9,59235,16757,28.3,22020,37.2,8091,13.7,7727,13.0,3938,6.6,702,1.2,59275,16376,27.6,22435,37.8,7745,13.1,7653,12.9,4265,7.2,801,1.4,65959,14638,22.2,26030,39.5,9497,14.4,9056,13.7,5514,8.4,1224,1.9,63300,14026,22.2,24651,38.9,9120,14.4,9013,14.2,5387,8.5,1103,1.7
"Korean Red Cross","Daegu/Gyeungbook",Men+Women,194152,68467,35.3,89573,46.1,24652,12.7,8798,4.5,2519,1.3,143,0.1,188941,69968,37.0,88053,46.6,19588,10.4,8668,4.6,2533,1.3,131,0.1,157399,62209,39.5,68663,43.6,17030,10.8,7162,4.6,2170,1.4,165,0.1,188025,74404,39.6,82943,44.1,20166,10.7,7845,4.2,2443,1.3,224,0.1,215479,80229,37.2,97722,45.4,22508,10.4,11213,5.2,3528,1.6,279,0.1,213269,83619,39.2,92043,43.2,22160,10.4,11344,5.3,3708,1.7,395,0.2,211723,85775,40.5,89089,42.1,21412,10.1,11140,5.3,3846,1.8,461,0.2,226824,88404,39.0,97263,42.9,23757,10.5,12302,5.4,4590,2.0,508,0.2,244750,89741,36.7,110020,45.0,25745,10.5,13612,5.6,5035,2.1,597,0.2,263765,95345,36.1,118101,44.8,27784,10.5,15861,6.0,5958,2.3,716,0.3,260227,89181,34.3,116454,44.8,28329,10.9,18404,7.1,6915,2.7,944,0.4,236895,80325,33.9,97497,41.2,29859,12.6,20397,8.6,7734,3.3,1083,0.5,240774,77192,32.1,97039,40.3,31714,13.2,24231,10.1,9285,3.9,1313,0.5,246155,78570,31.9,94578,38.4,33141,13.5,27473,11.2,10800,4.4,1593,0.6,232481,70675,30.4,84831,36.5,32717,14.1,29546,12.7,12793,5.5,1919,0.8,196373,39810,20.3,68550,34.9,33455,17.0,34308,17.5,17548,8.9,2702,1.4,225330,50044,22.2,81088,36.0,34537,15.3,37005,16.4,19425,8.6,3231,1.4,225154,44830,19.9,87446,38.8,33178,14.7,36150,16.1,20023,8.9,3527,1.6,229715,49344,21.5,88909,38.7,32534,14.2,35686,15.5,19951,8.7,3291,1.4
"Korean Red Cross","Daegu/Gyeungbook",Men,146703,45536,31.0,69397,47.3,22100,15.1,7423,5.1,2137,1.5,110,0.1,139819,45027,32.2,67990,48.6,17115,12.2,7369,5.3,2205,1.6,113,0.1,117241,40386,34.4,53580,45.7,15075,12.9,6129,5.2,1927,1.6,144,0.1,132309,44328,33.5,61685,46.6,17431,13.2,6540,4.9,2126,1.6,199,0.2,151628,47181,31.1,72738,48.0,18853,12.4,9518,6.3,3094,2.0,244,0.2,146567,47832,32.6,67520,46.1,18224,12.4,9463,6.5,3182,2.2,346,0.2,142391,48942,34.4,63640,44.7,17148,12.0,8982,6.3,3286,2.3,393,0.3,152043,49658,32.7,69486,45.7,18799,12.4,9746,6.4,3916,2.6,438,0.3,166006,50441,30.4,79151,47.7,20653,12.4,10978,6.6,4255,2.6,528,0.3,178406,52822,29.6,85317,47.8,22042,12.4,12612,7.1,4983,2.8,630,0.4,177684,49940,28.1,84503,47.6,22338,12.6,14430,8.1,5685,3.2,788,0.4,168424,49541,29.4,71720,42.6,23719,14.1,16064,9.5,6440,3.8,940,0.6,172578,47374,27.5,72803,42.2,24679,14.3,18961,11.0,7599,4.4,1162,0.7,176709,48723,27.6,70615,40.0,25791,14.6,21469,12.1,8710,4.9,1401,0.8,167290,43955,26.3,62946,37.6,25683,15.4,23009,13.8,10072,6.0,1625,1.0,139286,23789,17.1,48737,35.0,25507,18.3,25820,18.5,13305,9.6,2128,1.5,159155,31731,19.9,56709,35.6,26075,16.4,27491,17.3,14609,9.2,2540,1.6,158967,28923,18.2,62086,39.1,24662,15.5,26258,16.5,14422,9.1,2616,1.6,167443,33886,20.2,64793,38.7,24547,14.7,26694,15.9,14978,8.9,2545,1.5
"Korean Red Cross","Daegu/Gyeungbook",Women,47449,22931,48.3,20176,42.5,2552,5.4,1375,2.9,382,0.8,33,0.1,49122,24941,50.8,20063,40.8,2473,5.0,1299,2.6,328,0.7,18,-,40158,21823,54.3,15083,37.6,1955,4.9,1033,2.6,243,0.6,21,0.1,55716,30076,54.0,21258,38.2,2735,4.9,1305,2.3,317,0.6,25,-,63851,33048,51.8,24984,39.1,3655,5.7,1695,2.7,434,0.7,35,0.1,66702,35787,53.7,24523,36.8,3936,5.9,1881,2.8,526,0.8,49,0.1,69332,36833,53.1,25449,36.7,4264,6.2,2158,3.1,560,0.8,68,0.1,74781,38746,51.8,27777,37.1,4958,6.6,2556,3.4,674,0.9,70,0.1,78744,39300,49.9,30869,39.2,5092,6.5,2634,3.3,780,1.0,69,0.1,85359,42523,49.8,32784,38.4,5742,6.7,3249,3.8,975,1.1,86,0.1,82543,39241,47.5,31951,38.7,5991,7.3,3974,4.8,1230,1.5,156,0.2,68471,30784,45.0,25777,37.6,6140,9.0,4333,6.3,1294,1.9,143,0.2,68196,29818,43.7,24236,35.5,7035,10.3,5270,7.7,1686,2.5,151,0.2,69446,29847,43.0,23963,34.5,7350,10.6,6004,8.6,2090,3.0,192,0.3,65191,26720,41.0,21885,33.6,7034,10.8,6537,10.0,2721,4.2,294,0.5,57087,16021,28.1,19813,34.7,7948,13.9,8488,14.9,4243,7.4,574,1.0,66175,18313,27.7,24379,36.8,8462,12.8,9514,14.4,4816,7.3,691,1.0,66187,15907,24.0,25360,38.3,8516,12.9,9892,14.9,5601,8.5,911,1.4,62272,15458,24.8,24116,38.7,7987,12.8,8992,14.4,4973,8.0,746,1.2
"Korean Red Cross","Incheon",Men+Women,129274,55412,42.9,53100,41.1,13810,10.7,5666,4.4,1213,0.9,73,0.1,120981,50366,41.6,49473,40.9,13923,11.5,5812,4.8,1330,1.1,77,0.1,110095,45099,41.0,42756,38.8,14866,13.5,5759,5.2,1542,1.4,73,0.1,121802,50337,41.3,46883,38.5,15978,13.1,6606,5.4,1853,1.5,145,0.1,130869,51233,39.1,52135,39.8,16852,12.9,8052,6.2,2386,1.8,211,0.2,154248,69455,45.0,55561,36.0,17577,11.4,8452,5.5,2934,1.9,269,0.2,174910,84849,48.5,56181,32.1,19445,11.1,10347,5.9,3737,2.1,351,0.2,173438,77475,44.7,58892,34.0,20779,12.0,11505,6.6,4304,2.5,483,0.3,177812,73839,41.5,63876,35.9,22220,12.5,12366,7.0,4916,2.8,595,0.3,185747,74517,40.1,68582,36.9,23021,12.4,13633,7.3,5355,2.9,639,0.3,180847,69102,38.2,67433,37.3,22435,12.4,15106,8.4,5944,3.3,827,0.5,161744,55600,34.4,58481,36.2,23358,14.4,16456,10.2,6741,4.2,1108,0.7,163533,52387,32.0,59377,36.3,24198,14.8,18435,11.3,7757,4.7,1379,0.8,157317,46763,29.7,54043,34.4,25633,16.3,20363,12.9,8859,5.6,1656,1.1,158392,43654,27.6,53263,33.6,25723,16.2,22747,14.4,10950,6.9,2055,1.3,165074,27955,16.9,59398,36.0,29924,18.1,29620,17.9,15326,9.3,2851,1.7,166763,28249,16.9,57128,34.3,29875,17.9,31141,18.7,16895,10.1,3475,2.1,170709,23665,13.9,59071,34.6,31307,18.3,33616,19.7,18982,11.1,4068,2.4,176839,26406,14.9,62509,35.3,31734,17.9,33035,18.7,18922,10.7,4233,2.4
"Korean Red Cross","Incheon",Men,90515,32934,36.4,40707,45.0,11368,12.6,4456,4.9,982,1.1,68,0.1,86833,30020,34.6,39369,45.3,11616,13.4,4670,5.4,1095,1.3,63,0.1,79101,27236,34.4,33292,42.1,12626,16.0,4637,5.9,1240,1.6,70,0.1,86693,29599,34.1,36653,42.3,13474,15.5,5299,6.1,1537,1.8,131,0.2,89985,28477,31.6,39053,43.4,13894,15.4,6388,7.1,1989,2.2,184,0.2,102831,38379,37.3,40716,39.6,14243,13.9,6766,6.6,2485,2.4,242,0.2,115288,48150,41.8,40107,34.8,15429,13.4,8198,7.1,3093,2.7,311,0.3,114453,43679,38.2,41780,36.5,16113,14.1,8962,7.8,3514,3.1,405,0.4,117031,39808,34.0,45355,38.8,17502,15.0,9772,8.3,4103,3.5,491,0.4,124396,41228,33.1,49214,39.6,18075,14.5,10898,8.8,4468,3.6,513,0.4,121411,38824,32.0,48178,39.7,17300,14.2,11541,9.5,4891,4.0,677,0.6,113269,33131,29.2,43234,38.2,17917,15.8,12578,11.1,5483,4.8,926,0.8,115780,31190,26.9,44968,38.8,18258,15.8,14096,12.2,6149,5.3,1119,1.0,110801,27676,25.0,40030,36.1,19254,17.4,15466,14.0,7026,6.3,1349,1.2,112002,25858,23.1,39663,35.4,19254,17.2,17113,15.3,8485,7.6,1629,1.5,119383,16723,14.0,44042,36.9,22183,18.6,22266,18.7,11844,9.9,2325,1.9,119848,17492,14.6,41484,34.6,22157,18.5,23254,19.4,12696,10.6,2765,2.3,119983,14414,12.0,42145,35.1,22434,18.7,24456,20.4,13499,11.3,3035,2.5,127399,17388,13.6,45709,35.9,23003,18.1,24252,19.0,13825,10.9,3222,2.5
"Korean Red Cross","Incheon",Women,38759,22478,58.0,12393,32.0,2442,6.3,1210,3.1,231,0.6,5,-,34148,20346,59.6,10104,29.6,2307,6.8,1142,3.3,235,0.7,14,-,30994,17863,57.6,9464,30.5,2240,7.2,1122,3.6,302,1.0,3,-,35109,20738,59.1,10230,29.1,2504,7.1,1307,3.7,316,0.9,14,-,40884,22756,55.7,13082,32.0,2958,7.2,1664,4.1,397,1.0,27,0.1,51417,31076,60.4,14845,28.9,3334,6.5,1686,3.3,449,0.9,27,0.1,59622,36699,61.6,16074,27.0,4016,6.7,2149,3.6,644,1.1,40,0.1,58985,33796,57.3,17112,29.0,4666,7.9,2543,4.3,790,1.3,78,0.1,60781,34031,56.0,18521,30.5,4718,7.8,2594,4.3,813,1.3,104,0.2,61351,33289,54.3,19368,31.6,4946,8.1,2735,4.5,887,1.4,126,0.2,59436,30278,50.9,19255,32.4,5135,8.6,3565,6.0,1053,1.8,150,0.3,48475,22469,46.4,15247,31.5,5441,11.2,3878,8.0,1258,2.6,182,0.4,47753,21197,44.4,14409,30.2,5940,12.4,4339,9.1,1608,3.4,260,0.5,46516,19087,41.0,14013,30.1,6379,13.7,4897,10.5,1833,3.9,307,0.7,46390,17796,38.4,13600,29.3,6469,13.9,5634,12.1,2465,5.3,426,0.9,45691,11232,24.6,15356,33.6,7741,16.9,7354,16.1,3482,7.6,526,1.2,46915,10757,22.9,15644,33.3,7718,16.5,7887,16.8,4199,9.0,710,1.5,50726,9251,18.2,16926,33.4,8873,17.5,9160,18.1,5483,10.8,1033,2.0,49440,9018,18.2,16800,34.0,8731,17.7,8783,17.8,5097,10.3,1011,2.0
"Korean Red Cross","Ulsan",Men+Women,78750,26537,33.7,33699,42.8,12457,15.8,5018,6.4,1015,1.3,24,-,82109,26054,31.7,39251,47.8,10099,12.3,5381,6.6,1276,1.6,48,0.1,65432,22539,34.4,28683,43.8,8513,13.0,4558,7.0,1091,1.7,48,0.1,71284,26491,37.2,29215,41.0,9265,13.0,4962,7.0,1290,1.8,61,0.1,73928,28912,39.1,28621,38.7,9158,12.4,5483,7.4,1641,2.2,113,0.2,74278,32045,43.1,26146,35.2,8651,11.6,5451,7.3,1863,2.5,122,0.2,73504,32894,44.8,24938,33.9,8592,11.7,5167,7.0,1759,2.4,154,0.2,79081,34109,43.1,26390,33.4,9802,12.4,6344,8.0,2246,2.8,190,0.2,81305,33454,41.1,28660,35.2,10092,12.4,6307,7.8,2553,3.1,239,0.3,89410,32551,36.4,33392,37.3,13318,14.9,6921,7.7,2972,3.3,256,0.3,93740,35980,38.4,32771,35.0,12870,13.7,8338,8.9,3375,3.6,406,0.4,87323,33916,38.8,27306,31.3,12845,14.7,9052,10.4,3746,4.3,458,0.5,86261,33000,38.3,26314,30.5,12774,14.8,9572,11.1,4095,4.7,506,0.6,86711,32222,37.2,26173,30.2,12226,14.1,10709,12.4,4718,5.4,663,0.8,91599,32706,35.7,26308,28.7,12872,14.1,12371,13.5,6434,7.0,908,1.0,82518,17795,21.6,23105,28.0,14249,17.3,16319,19.8,9716,11.8,1334,1.6,83549,21290,25.5,22052,26.4,12977,15.5,15682,18.8,9818,11.8,1730,2.1,87119,21164,24.3,24781,28.4,13484,15.5,15916,18.3,9891,11.4,1883,2.2,99261,23716,23.9,28019,28.2,15973,16.1,18266,18.4,11171,11.3,2116,2.1
"Korean Red Cross","Ulsan",Men,61828,17197,27.8,27705,44.8,11452,18.5,4523,7.3,929,1.5,22,-,64903,16839,25.9,32999,50.8,8965,13.8,4881,7.5,1173,1.8,46,0.1,52640,15587,29.6,24304,46.2,7600,14.4,4100,7.8,1003,1.9,46,0.1,56031,17904,32.0,24168,43.1,8266,14.8,4456,8.0,1178,2.1,59,0.1,57357,19124,33.3,23723,41.4,8019,14.0,4859,8.5,1519,2.6,113,0.2,55041,20303,36.9,20767,37.7,7422,13.5,4710,8.6,1730,3.1,109,0.2,54331,21495,39.6,19419,35.7,7249,13.3,4408,8.1,1616,3.0,144,0.3,57870,22062,38.1,20052,34.7,8171,14.1,5414,9.4,1991,3.4,180,0.3,60388,22057,36.5,22149,36.7,8399,13.9,5296,8.8,2271,3.8,216,0.4,68146,21921,32.2,26345,38.7,11294,16.6,5743,8.4,2610,3.8,233,0.3,70085,24046,34.3,25275,36.1,10673,15.2,6805,9.7,2923,4.2,363,0.5,65717,23160,35.2,21167,32.2,10574,16.1,7241,11.0,3170,4.8,405,0.6,65900,22964,34.8,20838,31.6,10494,15.9,7728,11.7,3428,5.2,448,0.7,66006,22098,33.5,20789,31.5,9892,15.0,8701,13.2,3966,6.0,560,0.8,68561,21851,31.9,20356,29.7,10298,15.0,9908,14.5,5377,7.8,771,1.1,63660,11958,18.8,17614,27.7,11520,18.1,13200,20.7,8240,12.9,1128,1.8,63842,14672,23.0,16904,26.5,10309,16.1,12423,19.5,8040,12.6,1494,2.3,64183,14303,22.3,18444,28.7,10274,16.0,12100,18.9,7568,11.8,1494,2.3,73750,16190,22.0,20828,28.2,12149,16.5,14016,19.0,8786,11.9,1781,2.4
"Korean Red Cross","Ulsan",Women,16922,9340,55.2,5994,35.4,1005,5.9,495,2.9,86,0.5,2,-,17206,9215,53.6,6252,36.3,1134,6.6,500,2.9,103,0.6,2,-,12792,6952,54.3,4379,34.2,913,7.1,458,3.6,88,0.7,2,-,15253,8587,56.3,5047,33.1,999,6.5,506,3.3,112,0.7,2,-,16571,9788,59.1,4898,29.6,1139,6.9,624,3.8,122,0.7,-,-,19237,11742,61.0,5379,28.0,1229,6.4,741,3.9,133,0.7,13,0.1,19173,11399,59.5,5519,28.8,1343,7.0,759,4.0,143,0.7,10,0.1,21211,12047,56.8,6338,29.9,1631,7.7,930,4.4,255,1.2,10,-,20917,11397,54.5,6511,31.1,1693,8.1,1011,4.8,282,1.3,23,0.1,21264,10630,50.0,7047,33.1,2024,9.5,1178,5.5,362,1.7,23,0.1,23655,11934,50.5,7496,31.7,2197,9.3,1533,6.5,452,1.9,43,0.2,21606,10756,49.8,6139,28.4,2271,10.5,1811,8.4,576,2.7,53,0.2,20361,10036,49.3,5476,26.9,2280,11.2,1844,9.1,667,3.3,58,0.3,20705,10124,48.9,5384,26.0,2334,11.3,2008,9.7,752,3.6,103,0.5,23038,10855,47.1,5952,25.8,2574,11.2,2463,10.7,1057,4.6,137,0.6,18858,5837,31.0,5491,29.1,2729,14.5,3119,16.5,1476,7.8,206,1.1,19707,6618,33.6,5148,26.1,2668,13.5,3259,16.5,1778,9.0,236,1.2,22936,6861,29.9,6337,27.6,3210,14.0,3816,16.6,2323,10.1,389,1.7,25511,7526,29.5,7191,28.2,3824,15.0,4250,16.7,2385,9.3,335,1.3
"Korean Red Cross","Gyeonggi",Men+Women,138362,37853,27.4,63218,45.7,27793,20.1,7782,5.6,1634,1.2,82,0.1,141702,50115,35.4,57478,40.6,23441,16.5,8625,6.1,1939,1.4,104,0.1,129115,45722,35.4,51105,39.6,21247,16.5,8889,6.9,1983,1.5,169,0.1,141557,50017,35.3,55297,39.1,22763,16.1,10464,7.4,2782,2.0,234,0.2,164801,57085,34.6,63629,38.6,26979,16.4,13277,8.1,3566,2.2,265,0.2,171279,67813,39.6,58851,34.4,26881,15.7,13415,7.8,3955,2.3,364,0.2,176589,74360,42.1,57920,32.8,26280,14.9,13436,7.6,4147,2.3,446,0.3,175742,63554,36.2,62707,35.7,29056,16.5,14725,8.4,5146,2.9,554,0.3,191262,64752,33.9,72070,37.7,31055,16.2,16574,8.7,6047,3.2,764,0.4,206206,66578,32.3,79989,38.8,32248,15.6,19331,9.4,7096,3.4,964,0.5,218748,69610,31.8,83769,38.3,33545,15.3,22726,10.4,8007,3.7,1091,0.5,205267,60165,29.3,72979,35.6,34321,16.7,26964,13.1,9439,4.6,1399,0.7,210813,59258,28.1,75600,35.9,34752,16.5,28941,13.7,10654,5.1,1608,0.8,203912,48114,23.6,73879,36.2,36619,18.0,31245,15.3,12254,6.0,1801,0.9,211170,51412,24.3,68770,32.6,38326,18.1,35305,16.7,15004,7.1,2353,1.1,225902,35054,15.5,74682,33.1,43423,19.2,46576,20.6,22565,10.0,3602,1.6,225736,35981,15.9,72958,32.3,42436,18.8,46356,20.5,24080,10.7,3925,1.7,216807,30266,14.0,72759,33.6,40511,18.7,44347,20.5,24440,11.3,4484,2.1,225163,32747,14.5,77031,34.2,41561,18.5,44639,19.8,24688,11.0,4497,2.0
"Korean Red Cross","Gyeonggi",Men,117416,28680,24.4,54037,46.0,26046,22.2,7074,6.0,1515,1.3,64,0.1,114908,36689,31.9,47634,41.5,21101,18.4,7618,6.6,1779,1.5,87,0.1,102817,31916,31.0,42080,40.9,19024,18.5,7871,7.7,1785,1.7,141,0.1,110129,33736,30.6,44814,40.7,19850,18.0,9049,8.2,2478,2.3,202,0.2,122372,34993,28.6,49619,40.5,23029,18.8,11406,9.3,3100,2.5,225,0.2,123615,40438,32.7,45035,36.4,23004,18.6,11454,9.3,3363,2.7,321,0.3,126466,44702,35.3,44072,34.8,22297,17.6,11420,9.0,3578,2.8,397,0.3,128317,38703,30.2,47964,37.4,24346,19.0,12391,9.7,4426,3.4,487,0.4,140559,38780,27.6,55392,39.4,26217,18.7,14205,10.1,5284,3.8,681,0.5,151967,39954,26.3,61530,40.5,27014,17.8,16567,10.9,6095,4.0,807,0.5,159274,41308,25.9,63689,40.0,27602,17.3,18964,11.9,6774,4.3,937,0.6,154592,38543,24.9,57020,36.9,27730,17.9,22223,14.4,7872,5.1,1204,0.8,159730,38229,23.9,59583,37.3,27866,17.4,23876,14.9,8842,5.5,1334,0.8,156393,31027,19.8,58539,37.4,29386,18.8,25695,16.4,10239,6.5,1507,1.0,158935,32679,20.6,52877,33.3,30458,19.2,28709,18.1,12283,7.7,1929,1.2,171193,22913,13.4,56816,33.2,33627,19.6,36859,21.5,18116,10.6,2862,1.7,168602,23657,14.0,54011,32.0,32414,19.2,36133,21.4,19213,11.4,3174,1.9,158940,19541,12.3,52829,33.2,30285,19.1,34009,21.4,18847,11.9,3429,2.2,169324,22396,13.2,57407,33.9,31657,18.7,34771,20.5,19524,11.5,3569,2.1
"Korean Red Cross","Gyeonggi",Women,20946,9173,43.8,9181,43.8,1747,8.3,708,3.4,119,0.6,18,0.1,26794,13426,50.1,9844,36.7,2340,8.7,1007,3.8,160,0.6,17,0.1,26298,13806,52.5,9025,34.3,2223,8.5,1018,3.9,198,0.8,28,0.1,31428,16281,51.8,10483,33.4,2913,9.3,1415,4.5,304,1.0,32,0.1,42429,22092,52.1,14010,33.0,3950,9.3,1871,4.4,466,1.1,40,0.1,47664,27375,57.4,13816,29.0,3877,8.1,1961,4.1,592,1.2,43,0.1,50123,29658,59.2,13848,27.6,3983,7.9,2016,4.0,569,1.1,49,0.1,47425,24851,52.4,14743,31.1,4710,9.9,2334,4.9,720,1.5,67,0.1,50703,25972,51.2,16678,32.9,4838,9.5,2369,4.7,763,1.5,83,0.2,54239,26624,49.1,18459,34.0,5234,9.6,2764,5.1,1001,1.8,157,0.3,59474,28302,47.6,20080,33.8,5943,10.0,3762,6.3,1233,2.1,154,0.3,50675,21622,42.7,15959,31.5,6591,13.0,4741,9.4,1567,3.1,195,0.4,51083,21029,41.2,16017,31.4,6886,13.5,5065,9.9,1812,3.5,274,0.5,47519,17087,36.0,15340,32.3,7233,15.2,5550,11.7,2015,4.2,294,0.6,52235,18733,35.9,15893,30.4,7868,15.1,6596,12.6,2721,5.2,424,0.8,54709,12141,22.2,17866,32.7,9796,17.9,9717,17.8,4449,8.1,740,1.4,57134,12324,21.6,18947,33.2,10022,17.5,10223,17.9,4867,8.5,751,1.3,57867,10725,18.5,19930,34.4,10226,17.7,10338,17.9,5593,9.7,1055,1.8,55839,10351,18.5,19624,35.1,9904,17.7,9868,17.7,5164,9.2,928,1.7
"Korean Red Cross","Gangwon",Men+Women,83122,17740,21.3,57333,69.0,4960,6.0,2429,2.9,595,0.7,65,0.1,76585,15167,19.8,53442,69.8,4824,6.3,2400,3.1,691,0.9,61,0.1,64641,16449,25.4,39242,60.7,5997,9.3,2225,3.4,644,1.0,84,0.1,73273,19186,26.2,44150,60.3,6135,8.4,2695,3.7,997,1.4,110,0.2,79763,22632,28.4,44302,55.5,7604,9.5,3709,4.7,1392,1.7,124,0.2,83632,27058,32.4,42716,51.1,7914,9.5,4113,4.9,1641,2.0,190,0.2,92287,32044,34.7,43560,47.2,9413,10.2,4984,5.4,1993,2.2,293,0.3,108298,37395,34.5,53585,49.5,9298,8.6,5519,5.1,2166,2.0,335,0.3,120455,39084,32.4,61336,50.9,10691,8.9,6539,5.4,2421,2.0,384,0.3,128006,39955,31.2,65217,50.9,11860,9.3,7752,6.1,2783,2.2,439,0.3,149795,43909,29.3,79809,53.3,13231,8.8,9068,6.1,3283,2.2,495,0.3,149851,38399,25.6,80649,53.8,15284,10.2,11028,7.4,3826,2.6,665,0.4,154964,38546,24.9,83449,53.9,15681,10.1,11988,7.7,4494,2.9,806,0.5,161359,38665,24.0,86781,53.8,16005,9.9,13771,8.5,5168,3.2,969,0.6,153606,35141,22.9,78797,51.3,17227,11.2,15041,9.8,6263,4.1,1137,0.7,140670,21520,15.3,70780,50.3,18022,12.8,19111,13.6,9422,6.7,1815,1.3,134293,20514,15.3,67234,50.1,16584,12.3,18409,13.7,9593,7.1,1959,1.5,124866,16519,13.2,59108,47.3,17023,13.6,19673,15.8,10471,8.4,2072,1.7,132851,19997,15.1,63406,47.7,17451,13.1,19028,14.3,10737,8.1,2232,1.7
"Korean Red Cross","Gangwon",Men,75508,14495,19.2,54040,71.6,4314,5.7,2068,2.7,534,0.7,57,0.1,67686,11135,16.5,49728,73.5,4147,6.1,1996,2.9,622,0.9,58,0.1,55609,11845,21.3,35801,64.4,5400,9.7,1881,3.4,602,1.1,80,0.1,61668,13442,21.8,39657,64.3,5376,8.7,2225,3.6,868,1.4,100,0.2,64310,15185,23.6,38340,59.6,6475,10.1,2998,4.7,1200,1.9,112,0.2,66394,17960,27.1,36817,55.5,6691,10.1,3351,5.0,1395,2.1,180,0.3,72405,21332,29.5,37177,51.3,7815,10.8,4101,5.7,1709,2.4,271,0.4,85987,25398,29.5,46286,53.8,7670,8.9,4512,5.2,1808,2.1,313,0.4,95113,25418,26.7,53149,55.9,8850,9.3,5312,5.6,2041,2.1,343,0.4,99831,24830,24.9,56269,56.4,9798,9.8,6292,6.3,2238,2.2,404,0.4,116232,26830,23.1,68042,58.5,10908,9.4,7303,6.3,2688,2.3,461,0.4,122194,25470,20.8,71291,58.3,12638,10.3,9015,7.4,3175,2.6,605,0.5,127367,25971,20.4,74351,58.4,12942,10.2,9678,7.6,3686,2.9,739,0.6,134733,27159,20.2,78217,58.1,13058,9.7,11189,8.3,4238,3.1,872,0.6,127408,24108,18.9,70871,55.6,14073,11.0,12239,9.6,5132,4.0,985,0.8,117333,15379,13.1,63135,53.8,14670,12.5,15198,13.0,7434,6.3,1517,1.3,110113,13922,12.6,59089,53.7,13362,12.1,14442,13.1,7664,7.0,1634,1.5,98394,11516,11.7,49767,50.6,13069,13.3,14573,14.8,7817,7.9,1652,1.7,106032,14328,13.5,53759,50.7,13622,12.8,14481,13.7,8061,7.6,1781,1.7
"Korean Red Cross","Gangwon",Women,7614,3245,42.6,3293,43.2,646,8.5,361,4.7,61,0.8,8,0.1,8899,4032,45.3,3714,41.7,677,7.6,404,4.5,69,0.8,3,-,9032,4604,51.0,3441,38.1,597,6.6,344,3.8,42,0.5,4,-,11605,5744,49.5,4493,38.7,759,6.5,470,4.0,129,1.1,10,0.1,15453,7447,48.2,5962,38.6,1129,7.3,711,4.6,192,1.2,12,0.1,17238,9098,52.8,5899,34.2,1223,7.1,762,4.4,246,1.4,10,0.1,19882,10712,53.9,6383,32.1,1598,8.0,883,4.4,284,1.4,22,0.1,22311,11997,53.8,7299,32.7,1628,7.3,1007,4.5,358,1.6,22,0.1,25342,13666,53.9,8187,32.3,1841,7.3,1227,4.8,380,1.5,41,0.2,28175,15125,53.7,8948,31.8,2062,7.3,1460,5.2,545,1.9,35,0.1,33563,17079,50.9,11767,35.1,2323,6.9,1765,5.3,595,1.8,34,0.1,27657,12929,46.7,9358,33.8,2646,9.6,2013,7.3,651,2.4,60,0.2,27597,12575,45.6,9098,33.0,2739,9.9,2310,8.4,808,2.9,67,0.2,26626,11506,43.2,8564,32.2,2947,11.1,2582,9.7,930,3.5,97,0.4,26198,11033,42.1,7926,30.3,3154,12.0,2802,10.7,1131,4.3,152,0.6,23337,6141,26.3,7645,32.8,3352,14.4,3913,16.8,1988,8.5,298,1.3,24180,6592,27.3,8145,33.7,3222,13.3,3967,16.4,1929,8.0,325,1.3,26472,5003,18.9,9341,35.3,3954,14.9,5100,19.3,2654,10.0,420,1.6,26819,5669,21.1,9647,36.0,3829,14.3,4547,17.0,2676,10.0,451,1.7
"Korean Red Cross","Chungbook",Men+Women,77351,27909,36.1,39393,50.9,6512,8.4,2825,3.7,662,0.9,50,0.1,79003,28568,36.2,39951,50.6,6599,8.4,3033,3.8,803,1.0,49,0.1,72803,26716,36.7,34751,47.7,6989,9.6,3272,4.5,986,1.4,89,0.1,84951,33211,39.1,39885,47.0,7229,8.5,3384,4.0,1158,1.4,84,0.1,99447,37314,37.5,46881,47.1,8913,9.0,4573,4.6,1669,1.7,97,0.1,101209,39218,38.7,45935,45.4,9569,9.5,4700,4.6,1655,1.6,132,0.1,91354,36310,39.7,40725,44.6,8146,8.9,4257,4.7,1735,1.9,181,0.2,100097,39892,39.9,44638,44.6,8933,8.9,4620,4.6,1743,1.7,271,0.3,98145,37028,37.7,44951,45.8,9163,9.3,4928,5.0,1808,1.8,267,0.3,100191,36052,36.0,47067,47.0,9161,9.1,5550,5.5,2037,2.0,324,0.3,99627,37777,37.9,44121,44.3,9075,9.1,5963,6.0,2291,2.3,400,0.4,89342,32410,36.3,37408,41.9,9526,10.7,6816,7.6,2680,3.0,502,0.6,95644,33392,34.9,39120,40.9,11376,11.9,8011,8.4,3211,3.4,534,0.6,93808,30199,32.2,38207,40.7,12099,12.9,8959,9.6,3717,4.0,627,0.7,94251,30524,32.4,34909,37.0,13019,13.8,10434,11.1,4629,4.9,736,0.8,85748,18629,21.7,31077,36.2,13358,15.6,14215,16.6,7292,8.5,1177,1.4,84573,21877,25.9,28761,34.0,11698,13.8,13475,15.9,7343,8.7,1419,1.7,83820,18514,22.1,30290,36.1,11955,14.3,13655,16.3,7811,9.3,1595,1.9,85421,19113,22.4,32104,37.6,12067,14.1,13320,15.6,7269,8.5,1548,1.8
"Korean Red Cross","Chungbook",Men,60752,18615,30.6,33133,54.5,5815,9.6,2539,4.2,601,1.0,49,0.1,61782,18841,30.5,33616,54.4,5874,9.5,2681,4.3,721,1.2,49,0.1,58357,18032,30.9,30072,51.5,6340,10.9,2922,5.0,903,1.5,88,0.2,67104,22623,33.7,33907,50.5,6430,9.6,2993,4.5,1070,1.6,81,0.1,78801,25949,32.9,39312,49.9,7934,10.1,4008,5.1,1506,1.9,92,0.1,80021,27419,34.3,38211,47.8,8605,10.8,4173,5.2,1493,1.9,120,0.1,71818,25302,35.2,33951,47.3,7081,9.9,3744,5.2,1563,2.2,177,0.2,78316,27770,35.5,36849,47.1,7783,9.9,4078,5.2,1576,2.0,260,0.3,74971,24424,32.6,36430,48.6,7881,10.5,4368,5.8,1611,2.1,257,0.3,74594,22311,29.9,37806,50.7,7674,10.3,4723,6.3,1778,2.4,302,0.4,73575,23493,31.9,35264,47.9,7519,10.2,4954,6.7,1961,2.7,384,0.5,66760,20506,30.7,30207,45.2,7793,11.7,5487,8.2,2311,3.5,456,0.7,71989,21063,29.3,31859,44.3,9411,13.1,6444,9.0,2724,3.8,488,0.7,71508,19361,27.1,31157,43.6,9976,14.0,7306,10.2,3183,4.5,525,0.7,70263,19107,27.2,27659,39.4,10611,15.1,8421,12.0,3844,5.5,621,0.9,65938,12395,18.8,24669,37.4,10668,16.2,11347,17.2,5864,8.9,995,1.5,63824,14957,23.4,22231,34.8,9059,14.2,10528,16.5,5899,9.2,1150,1.8,61230,12325,20.1,22984,37.5,9083,14.8,9930,16.2,5695,9.3,1213,2.0,63581,12906,20.3,24799,39.0,9233,14.5,9971,15.7,5493,8.6,1179,1.9
"Korean Red Cross","Chungbook",Women,16599,9294,56.0,6260,37.7,697,4.2,286,1.7,61,0.4,1,-,17221,9727,56.5,6335,36.8,725,4.2,352,2.0,82,0.5,-,-,14446,8684,60.1,4679,32.4,649,4.5,350,2.4,83,0.6,1,-,17847,10588,59.3,5978,33.5,799,4.5,391,2.2,88,0.5,3,-,20646,11365,55.0,7569,36.7,979,4.7,565,2.7,163,0.8,5,-,21188,11799,55.7,7724,36.5,964,4.5,527,2.5,162,0.8,12,0.1,19536,11008,56.3,6774,34.7,1065,5.5,513,2.6,172,0.9,4,-,21781,12122,55.7,7789,35.8,1150,5.3,542,2.5,167,0.8,11,0.1,23174,12604,54.4,8521,36.8,1282,5.5,560,2.4,197,0.9,10,-,25597,13741,53.7,9261,36.2,1487,5.8,827,3.2,259,1.0,22,0.1,26052,14284,54.8,8857,34.0,1556,6.0,1009,3.9,330,1.3,16,0.1,22582,11904,52.7,7201,31.9,1733,7.7,1329,5.9,369,1.6,46,0.2,23655,12329,52.1,7261,30.7,1965,8.3,1567,6.6,487,2.1,46,0.2,22300,10838,48.6,7050,31.6,2123,9.5,1653,7.4,534,2.4,102,0.5,23988,11417,47.6,7250,30.2,2408,10.0,2013,8.4,785,3.3,115,0.5,19810,6234,31.5,6408,32.3,2690,13.6,2868,14.5,1428,7.2,182,0.9,20749,6920,33.4,6530,31.5,2639,12.7,2947,14.2,1444,7.0,269,1.3,22590,6189,27.4,7306,32.3,2872,12.7,3725,16.5,2116,9.4,382,1.7,21840,6207,28.4,7305,33.4,2834,13.0,3349,15.3,1776,8.1,369,1.7
"Korean Red Cross","Daejeon/Sejong/Chungnaam",Men+Women,161312,61606,38.2,80329,49.8,12144,7.5,5469,3.4,1573,1.0,191,0.1,146852,54981,37.4,70486,48.0,12953,8.8,6475,4.4,1767,1.2,190,0.1,146597,60268,41.1,64466,44.0,13145,9.0,6758,4.6,1796,1.2,164,0.1,173234,68904,39.8,75316,43.5,17344,10.0,8928,5.2,2479,1.4,263,0.2,182777,62765,34.3,84971,46.5,20918,11.4,10793,5.9,2986,1.6,344,0.2,191985,74381,38.7,81954,42.7,20939,10.9,10959,5.7,3322,1.7,430,0.2,189737,76277,40.2,79819,42.1,19261,10.2,10527,5.5,3437,1.8,416,0.2,206246,80742,39.1,88488,42.9,20909,10.1,11730,5.7,3858,1.9,519,0.3,224050,80828,36.1,103250,46.1,22195,9.9,13031,5.8,4208,1.9,538,0.2,232017,83176,35.8,104425,45.0,24029,10.4,14955,6.4,4788,2.1,644,0.3,249164,86294,34.6,113764,45.7,25012,10.0,17348,7.0,5945,2.4,801,0.3,236491,83722,35.4,97896,41.4,27053,11.4,19800,8.4,7122,3.0,898,0.4,241112,83940,34.8,98502,40.9,28164,11.7,21523,8.9,7833,3.2,1150,0.5,248323,85115,34.3,97890,39.4,30026,12.1,24716,10.0,9192,3.7,1384,0.6,248778,82475,33.2,91300,36.7,32963,13.2,28754,11.6,11616,4.7,1670,0.7,238825,55554,23.3,84837,35.5,37904,15.9,39383,16.5,18448,7.7,2699,1.1,233429,61994,26.6,78920,33.8,33845,14.5,37167,15.9,18570,8.0,2933,1.3,237156,51328,21.6,86596,36.5,35124,14.8,39357,16.6,21177,8.9,3574,1.5,234603,49704,21.2,87709,37.4,33331,14.2,38546,16.4,21319,9.1,3994,1.7
"Korean Red Cross","Daejeon/Sejong/Chungnaam",Men,140630,51247,36.4,71747,51.0,11076,7.9,4948,3.5,1439,1.0,173,0.1,116662,38149,32.7,59311,50.8,11655,10.0,5777,5.0,1602,1.4,168,0.1,115479,41868,36.3,54126,46.9,11664,10.1,6029,5.2,1648,1.4,144,0.1,132794,46678,35.2,60770,45.8,15028,11.3,7825,5.9,2253,1.7,240,0.2,139646,41630,29.8,67126,48.1,18425,13.2,9448,6.8,2700,1.9,317,0.2,149091,51662,34.7,65810,44.1,18632,12.5,9583,6.4,3007,2.0,397,0.3,145124,52134,35.9,63012,43.4,17055,11.8,9385,6.5,3155,2.2,383,0.3,152287,52688,34.6,67248,44.2,18100,11.9,10257,6.7,3522,2.3,472,0.3,163562,50129,30.6,78767,48.2,19050,11.6,11323,6.9,3795,2.3,498,0.3,170744,52709,30.9,79862,46.8,20468,12.0,12884,7.5,4228,2.5,593,0.3,180633,53843,29.8,85806,47.5,20645,11.4,14450,8.0,5146,2.8,743,0.4,171357,52651,30.7,73378,42.8,22079,12.9,16434,9.6,6014,3.5,801,0.5,173478,51931,29.9,73597,42.4,22666,13.1,17563,10.1,6707,3.9,1014,0.6,178680,52111,29.2,73499,41.1,23983,13.4,20171,11.3,7717,4.3,1199,0.7,176499,49213,27.9,67274,38.1,25975,14.7,23012,13.0,9588,5.4,1437,0.8,171640,33315,19.4,61764,36.0,29146,17.0,30474,17.8,14649,8.5,2292,1.3,166881,38428,23.0,56192,33.7,26077,15.6,28783,17.2,14942,9.0,2459,1.5,165157,31530,19.1,59708,36.2,26167,15.8,29166,17.7,15789,9.6,2797,1.7,168393,32411,19.2,62272,37.0,25225,15.0,29071,17.3,16189,9.6,3225,1.9
"Korean Red Cross","Daejeon/Sejong/Chungnaam",Women,20682,10359,50.1,8582,41.5,1068,5.2,521,2.5,134,0.6,18,0.1,30190,16832,55.8,11175,37.0,1298,4.3,698,2.3,165,0.5,22,0.1,31118,18400,59.1,10340,33.2,1481,4.8,729,2.3,148,0.5,20,0.1,40440,22226,55.0,14546,36.0,2316,5.7,1103,2.7,226,0.6,23,0.1,43131,21135,49.0,17845,41.4,2493,5.8,1345,3.1,286,0.7,27,0.1,42894,22719,53.0,16144,37.6,2307,5.4,1376,3.2,315,0.7,33,0.1,44613,24143,54.1,16807,37.7,2206,4.9,1142,2.6,282,0.6,33,0.1,53959,28054,52.0,21240,39.4,2809,5.2,1473,2.7,336,0.6,47,0.1,60488,30699,50.8,24483,40.5,3145,5.2,1708,2.8,413,0.7,40,0.1,61273,30467,49.7,24563,40.1,3561,5.8,2071,3.4,560,0.9,51,0.1,68531,32451,47.4,27958,40.8,4367,6.4,2898,4.2,799,1.2,58,0.1,65134,31071,47.7,24518,37.6,4974,7.6,3366,5.2,1108,1.7,97,0.1,67634,32009,47.3,24905,36.8,5498,8.1,3960,5.9,1126,1.7,136,0.2,69643,33004,47.4,24391,35.0,6043,8.7,4545,6.5,1475,2.1,185,0.3,72279,33262,46.0,24026,33.2,6988,9.7,5742,7.9,2028,2.8,233,0.3,67185,22239,33.1,23073,34.3,8758,13.0,8909,13.3,3799,5.7,407,0.6,66548,23566,35.4,22728,34.2,7768,11.7,8384,12.6,3628,5.5,474,0.7,71999,19798,27.5,26888,37.3,8957,12.4,10191,14.2,5388,7.5,777,1.1,66210,17293,26.1,25437,38.4,8106,12.2,9475,14.3,5130,7.7,769,1.2
"Korean Red Cross","Jeonbook",Men+Women,120913,47744,39.5,56225,46.5,12654,10.5,3338,2.8,912,0.8,40,-,118604,49726,41.9,53218,44.9,10966,9.2,3627,3.1,1007,0.8,60,0.1,98174,39886,40.6,43284,44.1,10605,10.8,3447,3.5,897,0.9,55,0.1,107833,44522,41.3,43784,40.6,13681,12.7,4581,4.2,1164,1.1,101,0.1,121245,50009,41.2,50281,41.5,14242,11.7,5112,4.2,1452,1.2,149,0.1,124784,53329,42.7,49644,39.8,14394,11.5,5526,4.4,1690,1.4,201,0.2,125506,55613,44.3,47084,37.5,14733,11.7,5961,4.7,1885,1.5,230,0.2,127924,56371,44.1,47692,37.3,15334,12.0,6328,4.9,1982,1.5,217,0.2,131428,54826,41.7,53261,40.5,14288,10.9,6550,5.0,2213,1.7,290,0.2,125411,48316,38.5,53274,42.5,13442,10.7,7599,6.1,2416,1.9,364,0.3,128878,50097,38.9,54282,42.1,13271,10.3,8141,6.3,2684,2.1,403,0.3,116104,45211,38.9,46980,40.5,11768,10.1,8771,7.6,2937,2.5,437,0.4,114218,42581,37.3,44145,38.6,14054,12.3,9554,8.4,3392,3.0,492,0.4,108582,40310,37.1,40146,37.0,13547,12.5,10142,9.3,3947,3.6,490,0.5,108903,41703,38.3,36965,33.9,13745,12.6,11275,10.4,4603,4.2,612,0.6,102770,31889,31.0,34707,33.8,13186,12.8,14726,14.3,7287,7.1,975,0.9,102915,34845,33.9,34702,33.7,11262,10.9,13627,13.2,7322,7.1,1157,1.1,96964,27118,28.0,34238,35.3,11877,12.2,14020,14.5,8192,8.4,1519,1.6,100114,26198,26.2,36641,36.6,12816,12.8,14147,14.1,8772,8.8,1540,1.5
"Korean Red Cross","Jeonbook",Men,95457,32553,34.1,47485,49.7,11626,12.2,2908,3.0,848,0.9,37,-,88799,31187,35.1,43893,49.4,9594,10.8,3135,3.5,934,1.1,56,0.1,75743,25955,34.3,36297,47.9,9508,12.6,3091,4.1,842,1.1,50,0.1,81835,29156,35.6,35394,43.3,12202,14.9,3984,4.9,1001,1.2,98,0.1,91565,32851,35.9,40263,44.0,12647,13.8,4365,4.8,1292,1.4,147,0.2,94416,35190,37.3,39785,42.1,12919,13.7,4820,5.1,1508,1.6,194,0.2,90925,34212,37.6,36675,40.3,13064,14.4,5129,5.6,1631,1.8,214,0.2,92343,34720,37.6,36962,40.0,13427,14.5,5311,5.8,1720,1.9,203,0.2,95861,34151,35.6,41543,43.3,12369,12.9,5603,5.8,1921,2.0,274,0.3,89849,28182,31.4,41498,46.2,11431,12.7,6306,7.0,2092,2.3,340,0.4,94813,30825,32.5,43084,45.4,11374,12.0,6836,7.2,2326,2.5,368,0.4,87682,29651,33.8,38077,43.4,9762,11.1,7291,8.3,2498,2.8,403,0.5,87191,28172,32.3,35704,40.9,11932,13.7,8010,9.2,2922,3.4,451,0.5,82490,26509,32.1,32497,39.4,11419,13.8,8280,10.0,3356,4.1,429,0.5,81328,27067,33.3,29244,36.0,11469,14.1,9182,11.3,3848,4.7,518,0.6,76352,21144,27.7,26799,35.1,10204,13.4,11483,15.0,5920,7.8,802,1.1,76286,23115,30.3,26854,35.2,8684,11.4,10705,14.0,5963,7.8,965,1.3,69236,17640,25.5,25340,36.6,8753,12.6,10397,15.0,5994,8.7,1112,1.6,72737,17742,24.4,27117,37.3,9467,13.0,10666,14.7,6561,9.0,1184,1.6
"Korean Red Cross","Jeonbook",Women,25456,15191,59.7,8740,34.3,1028,4.0,430,1.7,64,0.3,3,-,29805,18539,62.2,9325,31.3,1372,4.6,492,1.7,73,0.2,4,-,22431,13931,62.1,6987,31.1,1097,4.9,356,1.6,55,0.2,5,-,25998,15366,59.1,8390,32.3,1479,5.7,597,2.3,163,0.6,3,-,29680,17158,57.8,10018,33.8,1595,5.4,747,2.5,160,0.5,2,-,30368,18139,59.7,9859,32.5,1475,4.9,706,2.3,182,0.6,7,-,34581,21401,61.9,10409,30.1,1669,4.8,832,2.4,254,0.7,16,-,35581,21651,60.8,10730,30.2,1907,5.4,1017,2.9,262,0.7,14,-,35567,20675,58.1,11718,32.9,1919,5.4,947,2.7,292,0.8,16,-,35562,20134,56.6,11776,33.1,2011,5.7,1293,3.6,324,0.9,24,0.1,34065,19272,56.6,11198,32.9,1897,5.6,1305,3.8,358,1.1,35,0.1,28422,15560,54.7,8903,31.3,2006,7.1,1480,5.2,439,1.5,34,0.1,27027,14409,53.3,8441,31.2,2122,7.9,1544,5.7,470,1.7,41,0.2,26092,13801,52.9,7649,29.3,2128,8.2,1862,7.1,591,2.3,61,0.2,27575,14636,53.1,7721,28.0,2276,8.3,2093,7.6,755,2.7,94,0.3,26418,10745,40.7,7908,29.9,2982,11.3,3243,12.3,1367,5.2,173,0.7,26629,11730,44.0,7848,29.5,2578,9.7,2922,11.0,1359,5.1,192,0.7,27728,9478,34.2,8898,32.1,3124,11.3,3623,13.1,2198,7.9,407,1.5,27377,8456,30.9,9524,34.8,3349,12.2,3481,12.7,2211,8.1,356,1.3
"Korean Red Cross","Gwangju/Jeonnam",Men+Women,174350,61185,35.1,79459,45.6,24366,14.0,7622,4.4,1572,0.9,146,0.1,199969,78637,39.3,92556,46.3,18851,9.4,8110,4.1,1665,0.8,150,0.1,178004,73256,41.2,76388,42.9,18862,10.6,7655,4.3,1702,1.0,141,0.1,194651,84489,43.4,77369,39.7,21492,11.0,8939,4.6,2196,1.1,166,0.1,201828,82409,40.8,81683,40.5,23422,11.6,11145,5.5,2967,1.5,202,0.1,198409,88785,44.7,73288,36.9,21973,11.1,10890,5.5,3252,1.6,221,0.1,192751,92945,48.2,64854,33.6,20603,10.7,10561,5.5,3522,1.8,266,0.1,185655,84672,45.6,63916,34.4,22173,11.9,10849,5.8,3755,2.0,290,0.2,205764,87534,42.5,75463,36.7,26431,12.8,11722,5.7,4282,2.1,332,0.2,217795,91131,41.8,85502,39.3,23175,10.6,13084,6.0,4550,2.1,353,0.2,221529,92190,41.6,87569,39.5,21414,9.7,14354,6.5,5537,2.5,465,0.2,202083,83149,41.1,72901,36.1,22872,11.3,15822,7.8,6670,3.3,669,0.3,220266,87641,39.8,76575,34.8,29314,13.3,18162,8.2,7544,3.4,1030,0.5,206743,76732,37.1,71423,34.5,30913,15.0,18352,8.9,8184,4.0,1139,0.6,206605,75161,36.4,67819,32.8,31594,15.3,20911,10.1,9463,4.6,1657,0.8,183153,48111,26.3,61703,33.7,28755,15.7,27748,15.2,14546,7.9,2290,1.3,185298,56769,30.6,58989,31.8,25178,13.6,26907,14.5,15114,8.2,2341,1.3,189525,41540,21.9,68116,35.9,27946,14.7,30154,15.9,18514,9.8,3255,1.7,189087,43618,23.1,68657,36.3,27047,14.3,29297,15.5,17346,9.2,3122,1.7
"Korean Red Cross","Gwangju/Jeonnam",Men,132050,37702,28.6,64732,49.0,21789,16.5,6316,4.8,1395,1.1,116,0.1,144359,47173,32.7,73145,50.7,15822,11.0,6632,4.6,1458,1.0,129,0.1,125849,42081,33.4,59803,47.5,16085,12.8,6292,5.0,1463,1.2,125,0.1,131553,45631,34.7,58368,44.4,18135,13.8,7371,5.6,1889,1.4,159,0.1,137614,44918,32.6,60979,44.3,19839,14.4,9143,6.6,2538,1.8,197,0.1,130294,47248,36.3,53017,40.7,18166,13.9,8849,6.8,2800,2.1,214,0.2,123318,48458,39.3,46177,37.4,16984,13.8,8516,6.9,2935,2.4,248,0.2,121889,45431,37.3,45695,37.5,18621,15.3,8710,7.1,3169,2.6,263,0.2,134077,44979,33.5,53301,39.8,22422,16.7,9446,7.0,3627,2.7,302,0.2,139455,46698,33.5,59680,42.8,18633,13.4,10258,7.4,3859,2.8,327,0.2,141809,48222,34.0,60177,42.4,17026,12.0,11267,7.9,4695,3.3,422,0.3,133199,46587,35.0,50235,37.7,17907,13.4,12274,9.2,5607,4.2,589,0.4,147667,49516,33.5,53383,36.2,23627,16.0,13931,9.4,6339,4.3,871,0.6,141168,43565,30.9,50357,35.7,25361,18.0,14189,10.1,6752,4.8,944,0.7,141682,43006,30.4,47582,33.6,26044,18.4,15954,11.3,7722,5.5,1374,1.0,127499,27340,21.4,43714,34.3,22303,17.5,20799,16.3,11416,9.0,1927,1.5,127598,33240,26.1,40942,32.1,19469,15.3,20062,15.7,11934,9.4,1951,1.5,124892,24353,19.5,45105,36.1,19954,16.0,20331,16.3,12716,10.2,2433,1.9,128962,26539,20.6,46670,36.2,19779,15.3,20939,16.2,12560,9.7,2475,1.9
"Korean Red Cross","Gwangju/Jeonnam",Women,42300,23483,55.5,14727,34.8,2577,6.1,1306,3.1,177,0.4,30,0.1,55610,31464,56.6,19411,34.9,3029,5.4,1478,2.7,207,0.4,21,-,52155,31175,59.8,16585,31.8,2777,5.3,1363,2.6,239,0.5,16,-,63098,38858,61.6,19001,30.1,3357,5.3,1568,2.5,307,0.5,7,-,64214,37491,58.4,20704,32.2,3583,5.6,2002,3.1,429,0.7,5,-,68115,41537,61.0,20271,29.8,3807,5.6,2041,3.0,452,0.7,7,-,69433,44487,64.1,18677,26.9,3619,5.2,2045,2.9,587,0.8,18,-,63766,39241,61.5,18221,28.6,3552,5.6,2139,3.4,586,0.9,27,-,71687,42555,59.4,22162,30.9,4009,5.6,2276,3.2,655,0.9,30,-,78340,44433,56.7,25822,33.0,4542,5.8,2826,3.6,691,0.9,26,-,79720,43968,55.2,27392,34.4,4388,5.5,3087,3.9,842,1.1,43,0.1,68884,36562,53.1,22666,32.9,4965,7.2,3548,5.2,1063,1.5,80,0.1,72599,38125,52.5,23192,31.9,5687,7.8,4231,5.8,1205,1.7,159,0.2,65575,33167,50.6,21066,32.1,5552,8.5,4163,6.3,1432,2.2,195,0.3,64923,32155,49.5,20237,31.2,5550,8.5,4957,7.6,1741,2.7,283,0.4,55654,20771,37.3,17989,32.3,6452,11.6,6949,12.5,3130,5.6,363,0.7,57700,23529,40.8,18047,31.3,5709,9.9,6845,11.9,3180,5.5,390,0.7,64633,17187,26.6,23011,35.6,7992,12.4,9823,15.2,5798,9.0,822,1.3,60125,17079,28.4,21987,36.6,7268,12.1,8358,13.9,4786,8.0,647,1.1
"Korean Red Cross","Gyeongnaam",Men+Women,100563,31817,31.6,49332,49.1,13778,13.7,4667,4.6,932,0.9,37,-,102627,33967,33.1,48843,47.6,13160,12.8,5395,5.3,1224,1.2,38,-,91759,31724,34.6,41328,45.0,11880,12.9,5427,5.9,1382,1.5,18,-,102066,38721,37.9,44723,43.8,11571,11.3,5459,5.3,1553,1.5,39,-,114553,40875,35.7,48235,42.1,15829,13.8,7393,6.5,2165,1.9,56,-,119534,47798,40.0,47423,39.7,14948,12.5,7012,5.9,2242,1.9,111,0.1,114324,49401,43.2,42120,36.8,13415,11.7,6965,6.1,2311,2.0,112,0.1,120286,52463,43.6,43274,36.0,14674,12.2,7272,6.0,2473,2.1,130,0.1,134771,58114,43.1,48921,36.3,16303,12.1,8464,6.3,2770,2.1,199,0.1,143116,56677,39.6,54448,38.0,18104,12.6,10404,7.3,3196,2.2,287,0.2,135724,50689,37.3,53133,39.1,17850,13.2,10503,7.7,3243,2.4,306,0.2,127724,46863,36.7,45874,35.9,17698,13.9,12752,10.0,4186,3.3,351,0.3,130495,50451,38.7,44157,33.8,17751,13.6,13048,10.0,4653,3.6,435,0.3,134719,51265,38.1,44156,32.8,18313,13.6,14919,11.1,5402,4.0,664,0.5,132957,50203,37.8,42206,31.7,17227,13.0,16127,12.1,6298,4.7,896,0.7,131089,33522,25.6,43816,33.4,20365,15.5,22143,16.9,9928,7.6,1315,1.0,124647,33736,27.1,42015,33.7,17738,14.2,19963,16.0,9780,7.8,1415,1.1,123250,26586,21.6,43488,35.3,18344,14.9,21311,17.3,11684,9.5,1837,1.5,129093,29370,22.8,46315,35.9,18062,14.0,21771,16.9,11826,9.2,1749,1.4
"Korean Red Cross","Gyeongnaam",Men,88225,25602,29.0,44550,50.5,12906,14.6,4282,4.9,850,1.0,35,-,87567,25768,29.4,43464,49.6,12180,13.9,4989,5.7,1131,1.3,35,-,75367,22035,29.2,36351,48.2,10779,14.3,4903,6.5,1283,1.7,16,-,84418,28740,34.0,38755,45.9,10501,12.4,4969,5.9,1415,1.7,38,-,93545,29087,31.1,41255,44.1,14435,15.4,6709,7.2,2005,2.1,54,0.1,95546,33610,35.2,39775,41.6,13602,14.2,6366,6.7,2085,2.2,108,0.1,91966,35990,39.1,35277,38.4,12107,13.2,6318,6.9,2165,2.4,109,0.1,94915,37623,39.6,35105,37.0,13247,14.0,6511,6.9,2313,2.4,116,0.1,103678,39749,38.3,39226,37.8,14511,14.0,7415,7.2,2587,2.5,190,0.2,111425,38763,34.8,44546,40.0,15976,14.3,8932,8.0,2936,2.6,272,0.2,106235,34506,32.5,43771,41.2,15748,14.8,8996,8.5,2920,2.7,294,0.3,100136,32663,32.6,37740,37.7,14971,15.0,10735,10.7,3710,3.7,317,0.3,101365,35511,35.0,35782,35.3,14846,14.6,10833,10.7,4002,3.9,391,0.4,102900,34659,33.7,35812,34.8,15041,14.6,12259,11.9,4563,4.4,566,0.6,101395,33967,33.5,34164,33.7,14041,13.8,13208,13.0,5224,5.2,791,0.8,100405,22928,22.8,34795,34.7,16186,16.1,17388,17.3,7960,7.9,1148,1.1,95004,23711,25.0,32579,34.3,14042,14.8,15600,16.4,7857,8.3,1215,1.3,92168,18573,20.2,33282,36.1,14063,15.3,16084,17.5,8727,9.5,1439,1.6,99097,21291,21.5,36426,36.8,14134,14.3,16752,16.9,9064,9.1,1430,1.4
"Korean Red Cross","Gyeongnaam",Women,12338,6215,50.4,4782,38.8,872,7.1,385,3.1,82,0.7,2,-,15060,8199,54.4,5379,35.7,980,6.5,406,2.7,93,0.6,3,-,16392,9689,59.1,4977,30.4,1101,6.7,524,3.2,99,0.6,2,-,17648,9981,56.6,5968,33.8,1070,6.1,490,2.8,138,0.8,1,-,21008,11788,56.1,6980,33.2,1394,6.6,684,3.3,160,0.8,2,-,23988,14188,59.1,7648,31.9,1346,5.6,646,2.7,157,0.7,3,-,22358,13411,60.0,6843,30.6,1308,5.9,647,2.9,146,0.7,3,-,25371,14840,58.5,8169,32.2,1427,5.6,761,3.0,160,0.6,14,0.1,31093,18365,59.1,9695,31.2,1792,5.8,1049,3.4,183,0.6,9,-,31691,17914,56.5,9902,31.2,2128,6.7,1472,4.6,260,0.8,15,-,29489,16183,54.9,9362,31.7,2102,7.1,1507,5.1,323,1.1,12,-,27588,14200,51.5,8134,29.5,2727,9.9,2017,7.3,476,1.7,34,0.1,29130,14940,51.3,8375,28.8,2905,10.0,2215,7.6,651,2.2,44,0.2,31819,16606,52.2,8344,26.2,3272,10.3,2660,8.4,839,2.6,98,0.3,31562,16236,51.4,8042,25.5,3186,10.1,2919,9.2,1074,3.4,105,0.3,30684,10594,34.5,9021,29.4,4179,13.6,4755,15.5,1968,6.4,167,0.5,29643,10025,33.8,9436,31.8,3696,12.5,4363,14.7,1923,6.5,200,0.7,31082,8013,25.8,10206,32.8,4281,13.8,5227,16.8,2957,9.5,398,1.3,29996,8079,26.9,9889,33.0,3928,13.1,5019,16.7,2762,9.2,319,1.1
"Korean Red Cross","Jeju",Men+Women,31674,8501,26.8,16475,52.0,4974,15.7,1400,4.4,293,0.9,31,0.1,29769,8614,28.9,14894,50.0,4388,14.7,1475,5.0,355,1.2,43,0.1,27539,8968,32.6,12666,46.0,4138,15.0,1375,5.0,343,1.2,49,0.2,32542,12263,37.7,13401,41.2,4729,14.5,1671,5.1,419,1.3,59,0.2,36916,13892,37.6,14594,39.5,5211,14.1,2451,6.6,675,1.8,93,0.3,38454,15566,40.5,14129,36.7,5253,13.7,2643,6.9,758,2.0,105,0.3,34219,15935,46.6,10857,31.7,4158,12.2,2424,7.1,731,2.1,114,0.3,31854,13954,43.8,10850,34.1,3888,12.2,2332,7.3,727,2.3,103,0.3,34304,14645,42.7,11733,34.2,4389,12.8,2556,7.5,792,2.3,189,0.6,37392,15703,42.0,11958,32.0,5045,13.5,3342,8.9,1090,2.9,254,0.7,40676,16371,40.2,13847,34.0,5070,12.5,3819,9.4,1294,3.2,275,0.7,35806,13858,38.7,10743,30.0,5432,15.2,4112,11.5,1367,3.8,294,0.8,37804,13022,34.4,11152,29.5,6821,18.0,4792,12.7,1732,4.6,285,0.8,34264,12323,36.0,9815,28.6,5792,16.9,4367,12.7,1691,4.9,276,0.8,35973,12930,35.9,9820,27.3,5497,15.3,5076,14.1,2292,6.4,358,1.0,41673,11157,26.8,10828,26.0,7284,17.5,7925,19.0,3913,9.4,566,1.4,42035,11455,27.3,10758,25.6,6857,16.3,8008,19.1,4253,10.1,704,1.7,41748,10078,24.1,11264,27.0,6551,15.7,8155,19.5,4832,11.6,868,2.1,47103,10424,22.1,12705,27.0,7580,16.1,9698,20.6,5658,12.0,1038,2.2
"Korean Red Cross","Jeju",Men,24968,5182,20.8,13817,55.3,4490,18.0,1184,4.7,264,1.1,31,0.1,23755,5508,23.2,12836,54.0,3824,16.1,1228,5.2,322,1.4,37,0.2,21524,5592,26.0,10807,50.2,3572,16.6,1176,5.5,328,1.5,49,0.2,23199,6773,29.2,10543,45.4,4064,17.5,1380,5.9,386,1.7,53,0.2,25016,7109,28.4,10985,43.9,4276,17.1,1987,7.9,588,2.4,71,0.3,24703,7566,30.6,10119,41.0,4186,16.9,2101,8.5,652,2.6,79,0.3,21710,8067,37.2,7811,36.0,3250,15.0,1859,8.6,637,2.9,86,0.4,20515,6836,33.3,7975,38.9,3116,15.2,1879,9.2,623,3.0,86,0.4,21498,6996,32.5,8300,38.6,3374,15.7,2002,9.3,664,3.1,162,0.8,23140,7609,32.9,8086,34.9,3807,16.5,2546,11.0,886,3.8,206,0.9,25685,7832,30.5,9745,37.9,3869,15.1,2966,11.5,1054,4.1,219,0.9,23719,7476,31.5,7436,31.4,4249,17.9,3227,13.6,1093,4.6,238,1.0,25714,6955,27.0,7936,30.9,5465,21.3,3721,14.5,1394,5.4,243,0.9,24219,7372,30.4,7246,29.9,4617,19.1,3355,13.9,1385,5.7,244,1.0,24651,7389,30.0,7127,28.9,4181,17.0,3865,15.7,1773,7.2,316,1.3,29017,6746,23.2,7581,26.1,5355,18.5,5879,20.3,2960,10.2,496,1.7,29466,7576,25.7,7227,24.5,4949,16.8,5928,20.1,3166,10.7,620,2.1,28988,6297,21.7,7800,26.9,4615,15.9,6009,20.7,3550,12.2,717,2.5,32532,6257,19.2,8766,26.9,5399,16.6,7204,22.1,4078,12.5,828,2.5
"Korean Red Cross","Jeju",Women,6706,3319,49.5,2658,39.6,484,7.2,216,3.2,29,0.4,-,-,6014,3106,51.6,2058,34.2,564,9.4,247,4.1,33,0.5,6,0.1,6015,3376,56.1,1859,30.9,566,9.4,199,3.3,15,0.2,-,-,9343,5490,58.8,2858,30.6,665,7.1,291,3.1,33,0.4,6,0.1,11900,6783,57.0,3609,30.3,935,7.9,464,3.9,87,0.7,22,0.2,13751,8000,58.2,4010,29.2,1067,7.8,542,3.9,106,0.8,26,0.2,12509,7868,62.9,3046,24.4,908,7.3,565,4.5,94,0.8,28,0.2,11339,7118,62.8,2875,25.4,772,6.8,453,4.0,104,0.9,17,0.1,12806,7649,59.7,3433,26.8,1015,7.9,554,4.3,128,1.0,27,0.2,14252,8094,56.8,3872,27.2,1238,8.7,796,5.6,204,1.4,48,0.3,14991,8539,57.0,4102,27.4,1201,8.0,853,5.7,240,1.6,56,0.4,12087,6382,52.8,3307,27.4,1183,9.8,885,7.3,274,2.3,56,0.5,12090,6067,50.2,3216,26.6,1356,11.2,1071,8.9,338,2.8,42,0.3,10045,4951,49.3,2569,25.6,1175,11.7,1012,10.1,306,3.0,32,0.3,11322,5541,48.9,2693,23.8,1316,11.6,1211,10.7,519,4.6,42,0.4,12656,4411,34.9,3247,25.7,1929,15.2,2046,16.2,953,7.5,70,0.6,12569,3879,30.9,3531,28.1,1908,15.2,2080,16.5,1087,8.6,84,0.7,12760,3781,29.6,3464,27.1,1936,15.2,2146,16.8,1282,10.0,151,1.2,14571,4167,28.6,3939,27.0,2181,15.0,2494,17.1,1580,10.8,210,1.4
"Outside of Korean Red Cross","Subtotal",Men+Women,50700,8665,17.1,26379,52.0,10920,21.5,3909,7.7,791,1.6,36,0.1,51939,9194,17.7,26830,51.7,11224,21.6,3860,7.4,786,1.5,45,0.1,59078,16272,27.5,27411,46.4,10219,17.3,4141,7.0,977,1.7,58,0.1,81592,24562,30.1,37051,45.4,12831,15.7,5479,6.7,1578,1.9,91,0.1,108074,34137,31.6,50831,47.0,15663,14.5,5731,5.3,1603,1.5,109,0.1,149793,54785,36.6,65635,43.8,19456,13.0,7450,5.0,2249,1.5,218,0.1,168059,64940,38.6,70088,41.7,22159,13.2,8214,4.9,2418,1.4,240,0.1,180113,69149,38.4,71694,39.8,25089,13.9,10762,6.0,3104,1.7,315,0.2,206310,76726,37.2,84678,41.0,28210,13.7,12529,6.1,3783,1.8,384,0.2,208887,76808,36.8,85263,40.8,28619,13.7,13472,6.4,4239,2.0,486,0.2,210762,72880,34.6,87308,41.4,29507,14.0,15701,7.4,4643,2.2,723,0.3,221149,73748,33.3,87918,39.8,33279,15.0,19207,8.7,6075,2.7,922,0.4,213851,65205,30.5,83972,39.3,34552,16.2,21816,10.2,7158,3.3,1148,0.5,201659,58786,29.2,73498,36.4,35228,17.5,24528,12.2,8371,4.2,1248,0.6,177191,44214,25.0,61657,34.8,34319,19.4,26343,14.9,9265,5.2,1393,0.8,176191,30024,17.0,56109,31.8,37257,21.1,35647,20.2,15224,8.6,1930,1.1,177658,31069,17.5,56612,31.9,34717,19.5,35530,20.0,17317,9.7,2413,1.4,204004,28195,13.8,67734,33.2,39561,19.4,43562,21.4,21788,10.7,3164,1.6,234845,32463,13.8,78181,33.3,43551,18.5,51396,21.9,25388,10.8,3866,1.6
"Outside of Korean Red Cross","Subtotal",Men,42088,6704,15.9,22055,52.4,9479,22.5,3190,7.6,630,1.5,30,0.1,43763,7171,16.4,22844,52.2,9873,22.6,3208,7.3,628,1.4,39,0.1,46408,11799,25.4,21652,46.7,8732,18.8,3382,7.3,793,1.7,50,0.1,63397,17433,27.5,28996,45.7,11028,17.4,4557,7.2,1297,2.0,86,0.1,80422,22728,28.3,37719,46.9,13524,16.8,4966,6.2,1384,1.7,101,0.1,100543,31957,31.8,44631,44.4,15814,15.7,6112,6.1,1823,1.8,206,0.2,107274,35610,33.2,45192,42.1,17782,16.6,6522,6.1,1949,1.8,219,0.2,115098,38173,33.2,45241,39.3,20091,17.5,8752,7.6,2559,2.2,282,0.2,126564,39435,31.2,52259,41.3,21887,17.3,9738,7.7,2933,2.3,312,0.2,130201,39857,30.6,54242,41.7,21913,16.8,10477,8.0,3313,2.5,399,0.3,135665,38993,28.7,56981,42.0,23081,17.0,12384,9.1,3634,2.7,592,0.4,140818,39181,27.8,57062,40.5,24701,17.5,14466,10.3,4677,3.3,731,0.5,143380,36395,25.4,57749,40.3,25959,18.1,16741,11.7,5617,3.9,919,0.6,134139,31594,23.6,49963,37.2,26338,19.6,18686,13.9,6577,4.9,981,0.7,127334,26611,20.9,44376,34.9,26919,21.1,20833,16.4,7465,5.9,1130,0.9,123326,17202,13.9,37637,30.5,28002,22.7,26984,21.9,11932,9.7,1569,1.3,123175,17899,14.5,37024,30.1,26203,21.3,26845,21.8,13327,10.8,1877,1.5,141062,15996,11.3,44545,31.6,29154,20.7,32386,23.0,16520,11.7,2461,1.7,163633,18970,11.6,51482,31.5,32121,19.6,38657,23.6,19369,11.8,3034,1.9
"Outside of Korean Red Cross","Subtotal",Women,8612,1961,22.8,4324,50.2,1441,16.7,719,8.3,161,1.9,6,0.1,8176,2023,24.7,3986,48.8,1351,16.5,652,8.0,158,1.9,6,0.1,12670,4473,35.3,5759,45.5,1487,11.7,759,6.0,184,1.5,8,0.1,18195,7129,39.2,8055,44.3,1803,9.9,922,5.1,281,1.5,5,-,27652,11409,41.3,13112,47.4,2139,7.7,765,2.8,219,0.8,8,-,49250,22828,46.4,21004,42.6,3642,7.4,1338,2.7,426,0.9,12,-,60785,29330,48.3,24896,41.0,4377,7.2,1692,2.8,469,0.8,21,-,65015,30976,47.6,26453,40.7,4998,7.7,2010,3.1,545,0.8,33,0.1,79746,37291,46.8,32419,40.7,6323,7.9,2791,3.5,850,1.1,72,0.1,78686,36951,47.0,31021,39.4,6706,8.5,2995,3.8,926,1.2,87,0.1,75097,33887,45.1,30327,40.4,6426,8.6,3317,4.4,1009,1.3,131,0.2,80331,34567,43.0,30856,38.4,8578,10.7,4741,5.9,1398,1.7,191,0.2,70471,28810,40.9,26223,37.2,8593,12.2,5075,7.2,1541,2.2,229,0.3,67520,27192,40.3,23535,34.9,8890,13.2,5842,8.7,1794,2.7,267,0.4,49857,17603,35.3,17281,34.7,7400,14.8,5510,11.1,1800,3.6,263,0.5,52865,12822,24.3,18472,34.9,9255,17.5,8663,16.4,3292,6.2,361,0.7,54483,13170,24.2,19588,36.0,8514,15.6,8685,15.9,3990,7.3,536,1.0,62942,12199,19.4,23189,36.8,10407,16.5,11176,17.8,5268,8.4,703,1.1,71212,13493,18.9,26699,37.5,11430,16.1,12739,17.9,6019,8.5,832,1.2
